Machine_ID,Coolant_Pressure,Coolant_Temperature,Hydraulic_Oil_Temperature,Spindle_Bearing_Temperature,Spindle_Speed,Downtime
Makino-L1-Unit1-2013,6.933724915,25.6,46,33.4,25892,Machine_Failure
Makino-L1-Unit1-2013,4.936891865,35.3,47.4,34.6,19856,Machine_Failure
Makino-L3-Unit1-2015,6.839413159,13.1,40.7,33,19851,Machine_Failure
Makino-L2-Unit1-2015,4.574382007,24.4,44.2,40.6,18461,Machine_Failure
Makino-L1-Unit1-2013,6.893181921,4.1,47.3,31.4,26526,Machine_Failure
Makino-L2-Unit1-2015,5.918357337,5.4,48,32.7,27613,Machine_Failure
Makino-L1-Unit1-2013,6.560332199,19.3,48.8,37.4,26605,Machine_Failure
Makino-L3-Unit1-2015,5.060708564,20.8,45.8,37.5,14266,No_Machine_Failure
Makino-L3-Unit1-2015,5.074379701,4.5,51.5,32.1,20413,No_Machine_Failure
Makino-L3-Unit1-2015,5.567856573,14,47.9,35.2,20504,Machine_Failure
Makino-L2-Unit1-2015,5.358623507,34.3,43,32.4,17919,Machine_Failure
Makino-L1-Unit1-2013,4.566853902,11.5,46.2,37.6,21951,Machine_Failure
Makino-L2-Unit1-2015,6.960635908,14.7,47.2,36.2,25528,Machine_Failure
Makino-L2-Unit1-2015,4.62776082,30.3,50.2,28,18660,Machine_Failure
Makino-L3-Unit1-2015,4.622771809,29.8,51.2,31.1,18644,Machine_Failure
Makino-L3-Unit1-2015,4.624427746,28.7,44.9,31,18648,Machine_Failure
Makino-L3-Unit1-2015,4.62478014,27,45.1,38.6,18650,Machine_Failure
Makino-L3-Unit1-2015,4.626567992,26.4,52.6,33.8,18654,Machine_Failure
Makino-L2-Unit1-2015,4.84252053,19.5,52.3,35.2,23432,Machine_Failure
Makino-L3-Unit1-2015,6.863944117,15.7,44.5,38.7,21951,Machine_Failure
Makino-L3-Unit1-2015,4.86086247,6.9,48.1,38.3,27957,Machine_Failure
Makino-L3-Unit1-2015,5.054399663,8.7,48.2,41,20303,No_Machine_Failure
Makino-L2-Unit1-2015,4.566853902,4.9,47.2,38.1,26605,Machine_Failure
Makino-L3-Unit1-2015,5.057724885,11.9,49.4,35.3,20310,No_Machine_Failure
Makino-L2-Unit1-2015,5.051942984,5.7,50.4,36.7,20298,No_Machine_Failure
Makino-L1-Unit1-2013,5.04958003,6.8,48.3,36,20297,No_Machine_Failure
Makino-L3-Unit1-2015,6.839413159,24.4,53.7,35,18638,Machine_Failure
Makino-L3-Unit1-2015,4.979214772,7.4,49.7,34.5,20018,No_Machine_Failure
Makino-L2-Unit1-2015,6.839413159,9,45.7,31.6,20504,Machine_Failure
Makino-L2-Unit1-2015,4.978056686,9.9,44.5,44.1,20016,No_Machine_Failure
Makino-L3-Unit1-2015,4.979234549,10.6,43.2,30.5,20018,No_Machine_Failure
Makino-L1-Unit1-2013,5.058904048,12.2,48.2,31.5,20314,No_Machine_Failure
Makino-L2-Unit1-2015,5.072330576,21,46,26.9,13272,No_Machine_Failure
Makino-L1-Unit1-2013,6.863944117,25.6,42,38.6,18755,Machine_Failure
Makino-L1-Unit1-2013,5.567856573,9.9,56.5,40,27613,Machine_Failure
Makino-L3-Unit1-2015,6.560332199,9.7,48.1,35.8,26526,Machine_Failure
Makino-L3-Unit1-2015,5.227383809,22.4,48.5,39.3,15217,No_Machine_Failure
Makino-L3-Unit1-2015,4.819676197,28.7,55,38.6,19440,Machine_Failure
Makino-L1-Unit1-2013,4.82340648,26.4,38.8,31,19457,Machine_Failure
Makino-L1-Unit1-2013,4.852677086,27,41.4,41.6,19577,Machine_Failure
Makino-L2-Unit1-2015,5.229820438,22.4,48.2,32.9,14152,No_Machine_Failure
Makino-L3-Unit1-2015,4.822650137,27,51.6,28.7,19456,Machine_Failure
Makino-L3-Unit1-2015,6.820962547,30.3,52.7,38.9,19443,Machine_Failure
Makino-L1-Unit1-2013,5.229753537,22.4,51.8,37.1,17726,No_Machine_Failure
Makino-L3-Unit1-2015,5.130321956,21.6,45.5,30.5,14152,No_Machine_Failure
Makino-L1-Unit1-2013,4.916312723,29.8,44.9,33.8,19784,Machine_Failure
Makino-L3-Unit1-2015,5.098391373,21.2,44.7,39.7,19197,No_Machine_Failure
Makino-L1-Unit1-2013,5.095632061,21.2,47.8,37,18436,No_Machine_Failure
Makino-L1-Unit1-2013,5.093945332,21.2,43.4,37.9,17726,No_Machine_Failure
Makino-L3-Unit1-2015,5.095720292,21.2,51.1,35.3,16198,No_Machine_Failure
Makino-L1-Unit1-2013,5.094040107,21.2,44.4,27.4,15217,No_Machine_Failure
Makino-L2-Unit1-2015,5.092841689,5.7,45.3,33.2,20470,No_Machine_Failure
Makino-L1-Unit1-2013,5.097346355,4.5,45,36.8,17726,No_Machine_Failure
Makino-L2-Unit1-2015,5.097677352,21.2,49.7,34.2,14266,No_Machine_Failure
Makino-L2-Unit1-2015,4.604551453,26.4,51.2,40,18592,Machine_Failure
Makino-L1-Unit1-2013,4.605076132,28.7,44,35.3,18594,Machine_Failure
Makino-L1-Unit1-2013,4.605639814,27,48.3,37.1,18594,Machine_Failure
Makino-L1-Unit1-2013,4.602896383,25.6,46.2,35.3,18590,Machine_Failure
Makino-L2-Unit1-2015,3.053451378,20.3,46.7,32.4,20143,No_Machine_Failure
Makino-L2-Unit1-2015,4.996191476,20.2,49.7,37,20066,No_Machine_Failure
Makino-L2-Unit1-2015,5.005857708,9.9,48.9,38.2,14152,No_Machine_Failure
Makino-L1-Unit1-2013,4.982835887,20.1,47.9,27.7,20033,No_Machine_Failure
Makino-L3-Unit1-2015,5.003071102,20.2,53.8,37,20096,No_Machine_Failure
Makino-L3-Unit1-2015,3.126011472,5.7,44.7,34.6,17726,No_Machine_Failure
Makino-L2-Unit1-2015,4.989508626,20.1,43,36.9,20048,No_Machine_Failure
Makino-L2-Unit1-2015,5.200585147,22.2,49.2,33.4,20908,No_Machine_Failure
Makino-L1-Unit1-2013,5.690640358,26.7,48.8,33,22802,No_Machine_Failure
Makino-L3-Unit1-2015,3.053148837,25.7,48.8,31.2,22313,No_Machine_Failure
Makino-L1-Unit1-2013,3.895031347,20.3,50.7,34,20132,No_Machine_Failure
Makino-L1-Unit1-2013,3.126011472,20.2,44.1,33.4,20063,No_Machine_Failure
Makino-L1-Unit1-2013,3.106960002,20.2,49.9,35.9,20096,No_Machine_Failure
Makino-L3-Unit1-2015,5.007064236,20.3,44.7,39.1,16198,No_Machine_Failure
Makino-L2-Unit1-2015,4.628407979,24.4,52.3,37.1,18662,Machine_Failure
Makino-L2-Unit1-2015,3.164804649,23.1,42.4,37.4,21253,No_Machine_Failure
Makino-L3-Unit1-2015,4.632470519,30.3,44.2,27.1,18696,Machine_Failure
Makino-L1-Unit1-2013,4.631963789,29.8,43.7,40.2,18677,Machine_Failure
Makino-L1-Unit1-2013,4.633612606,26.4,53.9,36.6,18703,Machine_Failure
Makino-L1-Unit1-2013,4.632531174,27,52.6,41.9,18697,Machine_Failure
Makino-L1-Unit1-2013,4.632255824,28.7,46.9,35.9,18695,Machine_Failure
Makino-L1-Unit1-2013,4.627300244,30.3,42.7,39.7,18660,Machine_Failure
Makino-L3-Unit1-2015,4.62865564,29.8,50,36.7,25177,Machine_Failure
Makino-L3-Unit1-2015,4.631763082,24.4,44.9,31.6,18676,Machine_Failure
Makino-L1-Unit1-2013,4.630289963,25.6,45.3,38,18670,Machine_Failure
Makino-L3-Unit1-2015,4.632143517,26.4,44.6,33.9,18684,Machine_Failure
Makino-L2-Unit1-2015,4.626836515,28.7,46.5,34.8,18658,Machine_Failure
Makino-L2-Unit1-2015,4.626795799,29.8,44.7,38.5,18656,Machine_Failure
Makino-L3-Unit1-2015,3.105982448,20.2,44.5,37.5,20078,No_Machine_Failure
Makino-L1-Unit1-2013,4.853148554,14.2,48,32.2,19579,Machine_Failure
Makino-L1-Unit1-2013,4.881780773,28.7,45.4,32.6,19691,Machine_Failure
Makino-L2-Unit1-2015,4.87287689,18.2,42.4,35.3,19652,Machine_Failure
Makino-L3-Unit1-2015,4.84252053,8.1,47,38.1,25528,Machine_Failure
Makino-L3-Unit1-2015,5.918357337,17.3,47.7,39.7,23432,Machine_Failure
Makino-L1-Unit1-2013,3.888834693,12.2,51,37,15217,No_Machine_Failure
Makino-L3-Unit1-2015,4.833808976,24.4,47.2,35.2,19502,Machine_Failure
Makino-L1-Unit1-2013,4.831732053,25.6,55.2,32.9,19496,Machine_Failure
Makino-L2-Unit1-2015,4.873096632,8,50.7,36,21951,Machine_Failure
Makino-L2-Unit1-2015,4.830950284,21.9,46.1,29.9,17919,Machine_Failure
Makino-L2-Unit1-2015,3.164804649,8.7,42.2,30.1,13272,No_Machine_Failure
Makino-L1-Unit1-2013,3.105982448,7.4,52.1,33.5,19197,No_Machine_Failure
Makino-L3-Unit1-2015,3.895031347,4.5,45.6,31.6,16198,No_Machine_Failure
Makino-L2-Unit1-2015,3.053148837,11.9,47.3,34.5,14266,No_Machine_Failure
Makino-L2-Unit1-2015,3.053451378,10.6,38.8,33.4,14152,No_Machine_Failure
Makino-L2-Unit1-2015,4.87485962,30.3,43.3,37.2,19657,Machine_Failure
Makino-L3-Unit1-2015,3.895031347,5.7,41.7,43.7,20862,No_Machine_Failure
Makino-L3-Unit1-2015,3.164804649,9.9,52.5,36.1,13272,No_Machine_Failure
Makino-L3-Unit1-2015,3.105982448,8.7,52.5,36.1,19197,No_Machine_Failure
Makino-L3-Unit1-2015,4.574452248,25.4,47.6,36.2,18463,Machine_Failure
Makino-L3-Unit1-2015,4.607414353,10.4,49.9,32.8,26605,Machine_Failure
Makino-L2-Unit1-2015,4.606240648,17.3,43.3,32.9,26526,Machine_Failure
Makino-L2-Unit1-2015,4.610135134,6.8,46.1,38.1,27613,Machine_Failure
Makino-L3-Unit1-2015,4.607146349,7.8,48.4,33.5,20504,Machine_Failure
Makino-L2-Unit1-2015,4.609861844,16.8,45.4,40.7,21951,Machine_Failure
Makino-L2-Unit1-2015,3.106960002,7.4,46.8,26.9,18436,No_Machine_Failure
Makino-L2-Unit1-2015,3.126011472,6.8,45.6,26.3,17726,No_Machine_Failure
Makino-L1-Unit1-2013,4.648656023,14.8,48.6,32.4,23432,Machine_Failure
Makino-L2-Unit1-2015,4.665468486,11.3,51.3,38.3,25528,Machine_Failure
Makino-L2-Unit1-2015,4.664979529,15.2,48.6,34.2,17919,Machine_Failure
Makino-L2-Unit1-2015,4.66484663,31.2,44.4,30.5,27957,Machine_Failure
Makino-L3-Unit1-2015,4.632536661,6.4,44.4,37.4,20504,Machine_Failure
Makino-L3-Unit1-2015,4.648836155,17.5,48.6,42.3,26605,Machine_Failure
Makino-L2-Unit1-2015,4.663419861,9.2,45.3,30.2,27613,Machine_Failure
Makino-L2-Unit1-2015,4.663538009,10.1,50.4,43.8,26526,Machine_Failure
Makino-L3-Unit1-2015,4.648269418,16.2,49.2,39.2,23432,Machine_Failure
Makino-L3-Unit1-2015,4.665057181,18.4,42.5,40.5,20801,Machine_Failure
Makino-L1-Unit1-2013,4.674436339,16.2,42.8,31.6,25528,Machine_Failure
Makino-L1-Unit1-2013,4.666801914,12.3,46.2,36.2,17919,Machine_Failure
Makino-L1-Unit1-2013,4.666661578,18.2,48.2,37.4,27957,Machine_Failure
Makino-L1-Unit1-2013,4.632907576,18.8,37.1,37.6,21951,Machine_Failure
Makino-L2-Unit1-2015,5.674678995,26.5,51.7,35.3,22734,No_Machine_Failure
Makino-L3-Unit1-2015,3.164804649,26.7,47.1,31,22851,No_Machine_Failure
Makino-L3-Unit1-2015,5.717711526,26.8,50,37.5,22874,No_Machine_Failure
Makino-L1-Unit1-2013,5.691967493,6.8,45.4,37.1,22807,No_Machine_Failure
Makino-L3-Unit1-2015,5.669818485,7.4,50.2,25.5,22690,No_Machine_Failure
Makino-L1-Unit1-2013,3.164804649,26.8,47.7,36.2,22870,No_Machine_Failure
Makino-L1-Unit1-2013,3.126011472,26.7,46.5,34.1,22809,No_Machine_Failure
Makino-L2-Unit1-2015,3.053451378,26.7,41.8,42,22842,No_Machine_Failure
Makino-L2-Unit1-2015,3.895031347,26.7,48.6,31.9,22833,No_Machine_Failure
Makino-L3-Unit1-2015,3.105982448,26.5,37.8,26.5,22696,No_Machine_Failure
Makino-L1-Unit1-2013,3.106960002,26.6,51.6,34.1,22796,No_Machine_Failure
Makino-L2-Unit1-2015,3.126011472,26.7,51.2,33.9,22858,No_Machine_Failure
Makino-L3-Unit1-2015,3.895031347,26.7,46.8,31.5,22858,No_Machine_Failure
Makino-L1-Unit1-2013,3.888834693,26.5,46.2,34.6,22684,No_Machine_Failure
Makino-L1-Unit1-2013,3.053148837,26.8,46.6,29.9,22860,No_Machine_Failure
Makino-L2-Unit1-2015,5.188409155,22.1,48.9,34.4,14266,No_Machine_Failure
Makino-L1-Unit1-2013,4.878286381,24.1,47.4,42.2,19667,Machine_Failure
Makino-L3-Unit1-2015,5.189908353,22.1,48.1,37.5,20878,No_Machine_Failure
Makino-L1-Unit1-2013,5.190406955,22.1,48.7,32.8,17726,No_Machine_Failure
Makino-L2-Unit1-2015,5.179254956,22,51.8,37.5,13272,No_Machine_Failure
Makino-L2-Unit1-2015,5.204676947,22.2,49.2,34.9,18436,No_Machine_Failure
Makino-L3-Unit1-2015,6.878521595,17,49.6,33.7,27957,Machine_Failure
Makino-L3-Unit1-2015,4.875264631,11.4,44.6,36.8,19657,Machine_Failure
Makino-L1-Unit1-2013,4.879948835,15.7,49.9,33.5,19679,Machine_Failure
Makino-L1-Unit1-2013,4.879792088,6.6,48.9,34.2,19671,Machine_Failure
Makino-L1-Unit1-2013,4.905754631,33.6,51.4,38.7,20504,Machine_Failure
Makino-L2-Unit1-2015,4.898380749,25.8,49,35,21951,Machine_Failure
Makino-L1-Unit1-2013,5.128735848,21.6,40.5,31.4,20624,No_Machine_Failure
Makino-L3-Unit1-2015,3.895031347,21.7,52.3,32.4,20671,No_Machine_Failure
Makino-L2-Unit1-2015,3.126011472,21.1,46.8,27.3,20419,No_Machine_Failure
Makino-L1-Unit1-2013,5.077490154,21.1,47.1,37.7,20421,No_Machine_Failure
Makino-L1-Unit1-2013,4.610174458,5.9,44,35.9,26526,Machine_Failure
Makino-L2-Unit1-2015,3.106960002,21,45.7,25.2,20418,No_Machine_Failure
Makino-L3-Unit1-2015,3.105982448,21.1,43.9,34,20449,No_Machine_Failure
Makino-L2-Unit1-2015,3.164804649,21,45.9,37.9,20418,No_Machine_Failure
Makino-L3-Unit1-2015,5.088047184,21.1,46.1,37.1,20449,No_Machine_Failure
Makino-L2-Unit1-2015,4.610816353,12.6,41,35.3,26605,Machine_Failure
Makino-L3-Unit1-2015,4.610952675,25.3,55,39.6,27613,Machine_Failure
Makino-L3-Unit1-2015,4.671667475,21.1,40.4,32.1,18898,Machine_Failure
Makino-L3-Unit1-2015,4.660817052,24.2,46.2,31,18850,Machine_Failure
Makino-L1-Unit1-2013,4.663126404,32.5,44.7,35.6,18852,Machine_Failure
Makino-L1-Unit1-2013,4.671498417,18.8,53.4,37.8,18896,Machine_Failure
Makino-L3-Unit1-2015,4.668727514,12.8,46.4,29.6,18884,Machine_Failure
Makino-L3-Unit1-2015,4.667756019,26.1,48.3,30.8,18873,Machine_Failure
Makino-L1-Unit1-2013,4.672044389,4.5,51.1,27.7,18900,Machine_Failure
Makino-L2-Unit1-2015,4.673027644,22.2,50.7,34.9,18900,Machine_Failure
Makino-L1-Unit1-2013,4.6683925,7.7,55.8,38.4,18880,Machine_Failure
Makino-L2-Unit1-2015,4.673346142,26.7,43.7,31.8,18902,Machine_Failure
Makino-L2-Unit1-2015,5.686880297,26.6,50,36.8,22786,No_Machine_Failure
Makino-L2-Unit1-2015,4.653153391,25.8,44.7,34.7,18804,Machine_Failure
Makino-L3-Unit1-2015,4.667316017,18.6,43.7,32.6,18872,Machine_Failure
Makino-L3-Unit1-2015,4.668268755,17,49.2,43,18877,Machine_Failure
Makino-L3-Unit1-2015,4.671268193,25.2,50.3,41.1,23432,Machine_Failure
Makino-L3-Unit1-2015,5.751379092,11.9,49.3,40.2,23007,No_Machine_Failure
Makino-L1-Unit1-2013,5.752442661,12.2,50.1,30.5,23015,No_Machine_Failure
Makino-L1-Unit1-2013,5.752495315,4.5,51.4,31.2,23017,No_Machine_Failure
Makino-L3-Unit1-2015,5.753448767,5.7,50.7,35.4,23036,No_Machine_Failure
Makino-L1-Unit1-2013,5.752504497,6.8,47.3,29.9,23035,No_Machine_Failure
Makino-L3-Unit1-2015,5.680660038,7.4,54.3,32.8,22760,No_Machine_Failure
Makino-L2-Unit1-2015,5.671659856,11.9,42.7,35.7,22717,No_Machine_Failure
Makino-L1-Unit1-2013,5.719618378,7.4,45.4,40.2,17726,No_Machine_Failure
Makino-L1-Unit1-2013,5.717794637,8.7,44.2,29.4,18436,No_Machine_Failure
Makino-L2-Unit1-2015,5.68161092,9.9,53,33.7,19197,No_Machine_Failure
Makino-L2-Unit1-2015,5.677278668,10.6,51.2,37.3,13272,No_Machine_Failure
Makino-L3-Unit1-2015,4.663410412,6.7,48.7,41.9,18852,Machine_Failure
Makino-L1-Unit1-2013,5.682929623,26.6,48,25.2,22771,No_Machine_Failure
Makino-L2-Unit1-2015,4.668244017,4.9,41.5,33.8,18875,Machine_Failure
Makino-L3-Unit1-2015,4.669487275,8.6,42.6,37.3,18889,Machine_Failure
Makino-L2-Unit1-2015,4.669303357,25.8,50,29.8,18888,Machine_Failure
Makino-L3-Unit1-2015,4.67432942,13.4,50.7,37.6,18902,Machine_Failure
Makino-L3-Unit1-2015,5.676478786,12.2,40.9,36.3,15217,No_Machine_Failure
Makino-L3-Unit1-2015,5.684724809,26.6,53.3,35,22773,No_Machine_Failure
Makino-L3-Unit1-2015,6.839413159,15.6,41.9,37.9,26526,Machine_Failure
Makino-L1-Unit1-2013,5.544514339,8.7,50.1,34.2,22214,No_Machine_Failure
Makino-L2-Unit1-2015,5.918357337,7.1,49.5,28.3,17919,Machine_Failure
Makino-L2-Unit1-2015,5.567856573,6.8,41.7,35.4,20801,Machine_Failure
Makino-L1-Unit1-2013,4.566853902,22.4,49.7,30.5,23432,Machine_Failure
Makino-L3-Unit1-2015,4.939960216,8.4,49.1,38.5,26605,Machine_Failure
Makino-L3-Unit1-2015,6.863944117,5.8,46.7,37.2,27613,Machine_Failure
Makino-L3-Unit1-2015,4.84252053,16.6,49.5,46.3,21951,Machine_Failure
Makino-L1-Unit1-2013,4.897138697,19.1,42.9,31.4,20504,Machine_Failure
Makino-L3-Unit1-2015,4.910853549,8.9,45.1,37.1,21951,Machine_Failure
Makino-L2-Unit1-2015,4.915554109,23,48,35.2,27957,Machine_Failure
Makino-L3-Unit1-2015,4.918131688,9,44,37.3,17919,Machine_Failure
Makino-L3-Unit1-2015,4.918613459,24.4,51.8,35.2,25528,Machine_Failure
Makino-L1-Unit1-2013,5.563162468,12.2,,40.3,14266,No_Machine_Failure
Makino-L1-Unit1-2013,6.893181921,14,48.5,34,27957,Machine_Failure
Makino-L1-Unit1-2013,5.918357337,21.3,45.5,39.9,19770,Machine_Failure
Makino-L1-Unit1-2013,5.544233937,25.5,48.2,35.4,14266,No_Machine_Failure
Makino-L3-Unit1-2015,4.891376687,17.3,45.1,33.1,23432,Machine_Failure
Makino-L1-Unit1-2013,5.563127048,25.6,48.7,30.9,22294,No_Machine_Failure
Makino-L1-Unit1-2013,5.550615034,25.5,48,41.3,22246,No_Machine_Failure
Makino-L1-Unit1-2013,5.445148066,5.7,50.4,32.1,16198,No_Machine_Failure
Makino-L3-Unit1-2015,5.447689729,9.9,42.6,29.8,13272,No_Machine_Failure
Makino-L2-Unit1-2015,5.537401445,8.7,51.1,35.9,19197,No_Machine_Failure
Makino-L3-Unit1-2015,5.453119202,7.4,49.2,34,18436,No_Machine_Failure
Makino-L2-Unit1-2015,5.504483404,6.8,52.1,33.4,17726,No_Machine_Failure
Makino-L1-Unit1-2013,5.572557863,25.7,45.5,26.2,13272,No_Machine_Failure
Makino-L3-Unit1-2015,5.54733782,25.5,41.3,39.1,14152,No_Machine_Failure
Makino-L1-Unit1-2013,5.540903014,4.5,48,36.5,15217,No_Machine_Failure
Makino-L2-Unit1-2015,6.960635908,14.9,48.5,31.4,20504,Machine_Failure
Makino-L3-Unit1-2015,5.358623507,17,53.9,33.3,26605,Machine_Failure
Makino-L1-Unit1-2013,5.191414746,22.1,49,37.2,20889,No_Machine_Failure
Makino-L1-Unit1-2013,5.267502686,22.9,50,36.1,21186,No_Machine_Failure
Makino-L2-Unit1-2015,3.105982448,22.1,51.8,31,13272,No_Machine_Failure
Makino-L3-Unit1-2015,3.164804649,22.2,41.7,32.6,14152,No_Machine_Failure
Makino-L3-Unit1-2015,5.192142878,22.1,43.6,34.6,20896,No_Machine_Failure
Makino-L3-Unit1-2015,5.213152393,22.3,41.7,32.6,16198,No_Machine_Failure
Makino-L1-Unit1-2013,5.191780718,22.1,49.7,38.6,15217,No_Machine_Failure
Makino-L3-Unit1-2015,5.230668926,22.5,50.3,31.3,21025,No_Machine_Failure
Makino-L2-Unit1-2015,3.106960002,22.1,47,34.1,19197,No_Machine_Failure
Makino-L2-Unit1-2015,5.200355865,22.2,44,29,14266,No_Machine_Failure
Makino-L1-Unit1-2013,6.839413159,23.7,51.7,29.4,23432,Machine_Failure
Makino-L3-Unit1-2015,6.863944117,5.3,41.9,40.5,26526,Machine_Failure
Makino-L1-Unit1-2013,4.86086247,23.4,50.1,35.2,27613,Machine_Failure
Makino-L3-Unit1-2015,3.895031347,21.7,50.1,40,17726,No_Machine_Failure
Makino-L1-Unit1-2013,3.126011472,21.7,45.9,37.1,18436,No_Machine_Failure
Makino-L3-Unit1-2015,4.618154477,8.6,47.1,27.4,18619,Machine_Failure
Makino-L3-Unit1-2015,4.61494304,26.4,41.8,38.6,26526,Machine_Failure
Makino-L3-Unit1-2015,6.612112924,25.6,48.6,40.1,23432,Machine_Failure
Makino-L3-Unit1-2015,4.616638516,19.1,46.6,32.4,18617,Machine_Failure
Makino-L2-Unit1-2015,6.560332199,20.5,53.1,34.6,25528,Machine_Failure
Makino-L2-Unit1-2015,4.566853902,26.6,51.1,33.1,18621,Machine_Failure
Makino-L3-Unit1-2015,5.078441948,6.8,47.3,31.8,17726,No_Machine_Failure
Makino-L3-Unit1-2015,5.567856573,4.1,43.4,41.1,26155,Machine_Failure
Makino-L2-Unit1-2015,6.560332199,29.5,48.4,37.2,18617,Machine_Failure
Makino-L2-Unit1-2015,4.619165122,20.3,43.4,35.8,18621,Machine_Failure
Makino-L1-Unit1-2013,4.617635747,4.9,46.7,36,18617,Machine_Failure
Makino-L2-Unit1-2015,4.65509905,26.4,43.5,35.8,18819,Machine_Failure
Makino-L1-Unit1-2013,4.653885966,28.7,46.9,40.1,26605,Machine_Failure
Makino-L3-Unit1-2015,4.657393363,29.8,50.3,28.5,20504,Machine_Failure
Makino-L1-Unit1-2013,4.656449389,30.3,44.2,33.4,21951,Machine_Failure
Makino-L1-Unit1-2013,4.655496495,24.4,42.6,37.4,18824,Machine_Failure
Makino-L3-Unit1-2015,4.655210904,25.6,47.5,25.3,18824,Machine_Failure
Makino-L2-Unit1-2015,4.652735222,28.7,51,38.5,18803,Machine_Failure
Makino-L1-Unit1-2013,4.654960279,27,50.8,32,18813,Machine_Failure
Makino-L3-Unit1-2015,5.767252168,27.5,48,36.5,23123,No_Machine_Failure
Makino-L3-Unit1-2015,4.65032046,25,48.6,36.4,18776,Machine_Failure
Makino-L1-Unit1-2013,4.650913204,22.6,43,35.1,18784,Machine_Failure
Makino-L3-Unit1-2015,5.761318904,27.4,46.8,40.5,23096,No_Machine_Failure
Makino-L1-Unit1-2013,5.725594797,26.9,48.4,33.3,22921,No_Machine_Failure
Makino-L2-Unit1-2015,5.725783405,26.9,40,39.8,22926,No_Machine_Failure
Makino-L1-Unit1-2013,5.747931911,27.1,49.4,30.2,22989,No_Machine_Failure
Makino-L3-Unit1-2015,5.754694649,27.3,44.1,24.8,23040,No_Machine_Failure
Makino-L3-Unit1-2015,5.757931466,27.4,52.8,33.3,23079,No_Machine_Failure
Makino-L2-Unit1-2015,5.758829761,27.4,48.5,34,23090,No_Machine_Failure
Makino-L3-Unit1-2015,5.723522161,26.9,46.3,32,22905,No_Machine_Failure
Makino-L1-Unit1-2013,5.766816515,27.4,45.9,37.1,23118,No_Machine_Failure
Makino-L2-Unit1-2015,5.757427001,27.4,44.3,29.2,23075,No_Machine_Failure
Makino-L3-Unit1-2015,4.650670141,7.5,48,30.9,18778,Machine_Failure
Makino-L1-Unit1-2013,4.657791713,15.7,51.7,32.5,18836,Machine_Failure
Makino-L3-Unit1-2015,4.651531334,18.7,50.1,32.1,18784,Machine_Failure
Makino-L2-Unit1-2015,6.659794409,12.6,46.6,39.1,18849,Machine_Failure
Makino-L3-Unit1-2015,4.651746047,13.1,45.3,34.2,18795,Machine_Failure
Makino-L1-Unit1-2013,4.651798764,25.8,53.2,33.3,18796,Machine_Failure
Makino-L2-Unit1-2015,4.652314207,13.4,51.1,30.8,18801,Machine_Failure
Makino-L3-Unit1-2015,4.651754175,30.3,45.9,31.5,18796,Machine_Failure
Makino-L3-Unit1-2015,4.652839876,29.8,48.3,39.4,18803,Machine_Failure
Makino-L1-Unit1-2013,4.946687491,6,39.6,36,19897,Machine_Failure
Makino-L1-Unit1-2013,4.949583888,27,47.5,37.2,27613,Machine_Failure
Makino-L3-Unit1-2015,6.893181921,23.7,50.2,34.6,19927,Machine_Failure
Makino-L2-Unit1-2015,4.84252053,13.4,43.9,43,19755,Machine_Failure
Makino-L3-Unit1-2015,6.560332199,18.6,48.5,28.8,20504,Machine_Failure
Makino-L3-Unit1-2015,5.505489552,9.9,46,34.2,22051,No_Machine_Failure
Makino-L2-Unit1-2015,5.358623507,10.1,47.5,29.7,25528,Machine_Failure
Makino-L1-Unit1-2013,5.512323332,8.7,47.2,37.4,22072,No_Machine_Failure
Makino-L1-Unit1-2013,5.519067525,25.2,49.5,33,19197,No_Machine_Failure
Makino-L2-Unit1-2015,5.515344641,25.1,46.8,39.2,13272,No_Machine_Failure
Makino-L2-Unit1-2015,5.553415529,25.6,51.7,25.6,14152,No_Machine_Failure
Makino-L2-Unit1-2015,5.528345345,25.3,49.3,33.1,14266,No_Machine_Failure
Makino-L1-Unit1-2013,5.518401201,25.1,39.2,33,15217,No_Machine_Failure
Makino-L1-Unit1-2013,5.526982436,25.3,44.6,33.4,16198,No_Machine_Failure
Makino-L3-Unit1-2015,5.524086588,4.5,45.3,34.5,17726,No_Machine_Failure
Makino-L1-Unit1-2013,4.86086247,10.9,49,28.2,17919,Machine_Failure
Makino-L1-Unit1-2013,6.960635908,8,50.9,40.4,23432,Machine_Failure
Makino-L2-Unit1-2015,5.52109392,5.7,44.2,37.9,22125,No_Machine_Failure
Makino-L1-Unit1-2013,4.84252053,24.1,40.8,33.8,26526,Machine_Failure
Makino-L2-Unit1-2015,6.893181921,18.4,48.8,44.9,27613,Machine_Failure
Makino-L3-Unit1-2015,5.918357337,18.1,52.8,28.4,26605,Machine_Failure
Makino-L1-Unit1-2013,5.532694483,25.3,46.7,35.8,17726,No_Machine_Failure
Makino-L2-Unit1-2015,5.512867916,6.8,46.8,35.9,22081,No_Machine_Failure
Makino-L1-Unit1-2013,5.535229016,8.7,48.1,34.8,22168,No_Machine_Failure
Makino-L1-Unit1-2013,5.534150344,6.8,44.2,34,22167,No_Machine_Failure
Makino-L2-Unit1-2015,5.572841086,5.7,49.2,32.4,22310,No_Machine_Failure
Makino-L2-Unit1-2015,5.530542783,25.3,55.3,34.5,18436,No_Machine_Failure
Makino-L3-Unit1-2015,3.126011472,7.4,45,36.3,18436,No_Machine_Failure
Makino-L2-Unit1-2015,3.895031347,6.8,48,36.3,17726,No_Machine_Failure
Makino-L2-Unit1-2015,3.888834693,5.7,48.5,37.7,21166,No_Machine_Failure
Makino-L2-Unit1-2015,3.053148837,4.5,47,40.6,21135,No_Machine_Failure
Makino-L1-Unit1-2013,3.053451378,12.2,50.6,37.5,21164,No_Machine_Failure
Makino-L2-Unit1-2015,4.566853902,19.3,50.8,37.2,20504,Machine_Failure
Makino-L1-Unit1-2013,6.839413159,9.7,50.4,27.7,21951,Machine_Failure
Makino-L1-Unit1-2013,6.863944117,19.6,51,36.5,27957,Machine_Failure
Makino-L1-Unit1-2013,3.164804649,11.9,49.5,40.5,20705,No_Machine_Failure
Makino-L2-Unit1-2015,3.105982448,10.6,44.5,31.6,20692,No_Machine_Failure
Makino-L1-Unit1-2013,3.895031347,7.4,49.4,37,20441,No_Machine_Failure
Makino-L2-Unit1-2015,3.053148837,5.7,49.3,37,20441,No_Machine_Failure
Makino-L3-Unit1-2015,3.888834693,6.8,47.4,28.9,20440,No_Machine_Failure
Makino-L1-Unit1-2013,6.560332199,26.3,44.1,45.7,27613,Machine_Failure
Makino-L1-Unit1-2013,5.567856573,11,44.1,34.5,26605,Machine_Failure
Makino-L2-Unit1-2015,5.744249193,9.9,47.2,24.9,13272,No_Machine_Failure
Makino-L2-Unit1-2015,3.126011472,27,51.6,34,22944,No_Machine_Failure
Makino-L2-Unit1-2015,3.053148837,26.9,46.9,35.3,22929,No_Machine_Failure
Makino-L2-Unit1-2015,3.888834693,27,51.5,38.3,22930,No_Machine_Failure
Makino-L3-Unit1-2015,3.126011472,27,50.4,41.5,22956,No_Machine_Failure
Makino-L3-Unit1-2015,4.659245284,19.8,49.3,31.2,17919,Machine_Failure
Makino-L2-Unit1-2015,4.476389841,9.2,50.1,32.3,26526,Machine_Failure
Makino-L1-Unit1-2013,4.149820777,4.5,55.9,37.8,27613,Machine_Failure
Makino-L1-Unit1-2013,4.152833634,16.3,52.4,30.7,20504,Machine_Failure
Makino-L3-Unit1-2015,4.150409805,25.4,57.9,35.1,21951,Machine_Failure
Makino-L1-Unit1-2013,4.153323349,12.2,47.3,31.8,27957,Machine_Failure
Makino-L3-Unit1-2015,5.567856573,13,45,38.8,21951,Machine_Failure
Makino-L1-Unit1-2013,4.131131795,8.2,44.8,29.2,25528,Machine_Failure
Makino-L2-Unit1-2015,4.84252053,21.7,50.1,34.9,20801,Machine_Failure
Makino-L3-Unit1-2015,6.893181921,8.2,43.5,34.9,23432,Machine_Failure
Makino-L2-Unit1-2015,5.918357337,18.7,38.8,26.3,26526,Machine_Failure
Makino-L2-Unit1-2015,4.260418416,8.6,48.7,35.6,17092,Machine_Failure
Makino-L2-Unit1-2015,4.475493413,25.8,49.7,33.8,18030,Machine_Failure
Makino-L1-Unit1-2013,4.476172099,30.3,48.5,35,18032,Machine_Failure
Makino-L1-Unit1-2013,6.839413159,16.4,51.8,37.6,18847,Machine_Failure
Makino-L1-Unit1-2013,4.566853902,8.9,44.8,32.6,16606,Machine_Failure
Makino-L3-Unit1-2015,3.106960002,27.1,53.5,38.2,22959,No_Machine_Failure
Makino-L3-Unit1-2015,5.149318969,22.3,49.9,34.8,26605,Machine_Failure
Makino-L2-Unit1-2015,4.945748309,24.4,44.3,36.6,19891,Machine_Failure
Makino-L3-Unit1-2015,4.95755811,13.4,49.4,35.3,19945,Machine_Failure
Makino-L2-Unit1-2015,6.863944117,19.2,45.8,36.6,19930,Machine_Failure
Makino-L2-Unit1-2015,4.945819258,29.8,41.9,33,19893,Machine_Failure
Makino-L2-Unit1-2015,4.94546957,25.6,51.3,33.3,19891,Machine_Failure
Makino-L1-Unit1-2013,4.881834672,26.4,45.8,34.2,19691,Machine_Failure
Makino-L3-Unit1-2015,4.960548386,27,49.9,30.2,19951,Machine_Failure
Makino-L2-Unit1-2015,4.945087,28.7,54.3,32.9,19882,Machine_Failure
Makino-L3-Unit1-2015,4.962075624,30.3,50.1,33.7,19965,Machine_Failure
Makino-L2-Unit1-2015,4.852931594,29.8,49.5,36.2,19578,Machine_Failure
Makino-L3-Unit1-2015,3.888834693,23.4,,31.4,21423,No_Machine_Failure
Makino-L2-Unit1-2015,3.895031347,23.4,48,35.7,21423,No_Machine_Failure
Makino-L1-Unit1-2013,3.126011472,23.4,47.4,40.7,21417,No_Machine_Failure
Makino-L1-Unit1-2013,3.106960002,23.4,46.4,40.9,21412,No_Machine_Failure
Makino-L2-Unit1-2015,3.164804649,24.2,46.3,40.1,21712,No_Machine_Failure
Makino-L3-Unit1-2015,4.868191588,16.8,41.8,41.7,19627,Machine_Failure
Makino-L2-Unit1-2015,5.284830513,23,45.6,30.9,14266,No_Machine_Failure
Makino-L1-Unit1-2013,5.271600109,22.9,44.7,39.6,18436,No_Machine_Failure
Makino-L3-Unit1-2015,5.285485294,23.1,46.5,30.1,15217,No_Machine_Failure
Makino-L1-Unit1-2013,4.86830744,28.7,43.1,28,19637,Machine_Failure
Makino-L3-Unit1-2015,5.281886223,23,44.5,32.5,16198,No_Machine_Failure
Makino-L1-Unit1-2013,4.764967149,27,38.9,34.4,19237,Machine_Failure
Makino-L2-Unit1-2015,4.765248743,26.4,45.7,34,19238,Machine_Failure
Makino-L1-Unit1-2013,4.766491785,25.6,44.9,38.2,19241,Machine_Failure
Makino-L1-Unit1-2013,4.768416107,24.4,36.4,33.6,19251,Machine_Failure
Makino-L3-Unit1-2015,5.282698981,23,48.2,31.9,17726,No_Machine_Failure
Makino-L3-Unit1-2015,4.764802242,18.3,53.1,36.2,19234,Machine_Failure
Makino-L2-Unit1-2015,4.577456497,15,46.5,34.1,18467,Machine_Failure
Makino-L1-Unit1-2013,4.576565904,5.7,49.6,28.6,18464,Machine_Failure
Makino-L2-Unit1-2015,4.578668044,19,51.2,33.1,18467,Machine_Failure
Makino-L1-Unit1-2013,5.09391269,21.2,46.9,38.7,20472,No_Machine_Failure
Makino-L2-Unit1-2015,4.59313283,25.3,46.9,37.4,23432,Machine_Failure
Makino-L1-Unit1-2013,4.590701294,12.2,41.2,38.8,26526,Machine_Failure
Makino-L1-Unit1-2013,4.589378745,21.6,45.1,38.6,23231,Machine_Failure
Makino-L3-Unit1-2015,5.120233511,21.4,40.2,39.2,20587,No_Machine_Failure
Makino-L2-Unit1-2015,5.113135541,21.4,44.3,40.1,20570,No_Machine_Failure
Makino-L2-Unit1-2015,4.598959378,11.7,49.8,35.3,20801,Machine_Failure
Makino-L3-Unit1-2015,5.114823778,21.4,49.3,43.2,17726,No_Machine_Failure
Makino-L3-Unit1-2015,4.589721346,25.9,48,40.1,25528,Machine_Failure
Makino-L3-Unit1-2015,5.115079708,21.4,49,31.1,18436,No_Machine_Failure
Makino-L3-Unit1-2015,5.10337527,21.3,50.5,31.3,19197,No_Machine_Failure
Makino-L3-Unit1-2015,5.086840162,21.1,50,32.5,14152,No_Machine_Failure
Makino-L3-Unit1-2015,4.589174739,11.6,50.2,36.3,27613,Machine_Failure
Makino-L2-Unit1-2015,4.589281134,14.6,45.7,40.2,26605,Machine_Failure
Makino-L1-Unit1-2013,6.893181921,25.1,45,41.3,20801,Machine_Failure
Makino-L2-Unit1-2015,3.106960002,21.4,47.3,34,20570,No_Machine_Failure
Makino-L3-Unit1-2015,5.603869021,4.5,51.2,37,16198,No_Machine_Failure
Makino-L1-Unit1-2013,5.606310616,11.9,48.5,35.5,14266,No_Machine_Failure
Makino-L2-Unit1-2015,5.603916046,12.2,38.8,33.1,15217,No_Machine_Failure
Makino-L2-Unit1-2015,5.6661704,26.4,50,33.8,14266,No_Machine_Failure
Makino-L2-Unit1-2015,5.603682959,5.7,49.3,37.6,17726,No_Machine_Failure
Makino-L1-Unit1-2013,5.583097688,11.9,48.6,33.2,15217,No_Machine_Failure
Makino-L3-Unit1-2015,5.61415585,10.6,49,39.9,22505,No_Machine_Failure
Makino-L2-Unit1-2015,5.606531432,8.7,51.2,30.8,22486,No_Machine_Failure
Makino-L2-Unit1-2015,5.611011543,11.9,50.8,31.1,22489,No_Machine_Failure
Makino-L2-Unit1-2015,5.597206819,7.4,46,33.7,22417,No_Machine_Failure
Makino-L3-Unit1-2015,5.583356257,6.8,50.2,34.3,22331,No_Machine_Failure
Makino-L1-Unit1-2013,5.579208034,12.2,50.4,33.2,16198,No_Machine_Failure
Makino-L3-Unit1-2015,5.582007789,10.6,52,33.8,14266,No_Machine_Failure
Makino-L1-Unit1-2013,3.053148837,26.1,42.9,30.7,15217,No_Machine_Failure
Makino-L1-Unit1-2013,5.597536428,8.7,54,35.4,13272,No_Machine_Failure
Makino-L3-Unit1-2015,5.599108896,7.4,52.6,40.4,19197,No_Machine_Failure
Makino-L2-Unit1-2015,5.612770093,6.8,45.4,35.5,18436,No_Machine_Failure
Makino-L1-Unit1-2013,5.605295788,12.2,42.9,34.9,22470,No_Machine_Failure
Makino-L1-Unit1-2013,5.599178342,25.9,48.3,35,16198,No_Machine_Failure
Makino-L1-Unit1-2013,5.601396109,25.9,52.4,34.8,13272,No_Machine_Failure
Makino-L1-Unit1-2013,4.118529758,19.4,45.8,38.6,16592,Machine_Failure
Makino-L3-Unit1-2015,5.616765781,26.1,48.3,41.1,14152,No_Machine_Failure
Makino-L2-Unit1-2015,4.17434781,25.2,49.6,31.7,21951,Machine_Failure
Makino-L1-Unit1-2013,4.179360987,7.6,48.3,39.7,16775,Machine_Failure
Makino-L3-Unit1-2015,4.174038309,6.3,46.9,42.4,26526,Machine_Failure
Makino-L3-Unit1-2015,4.156915378,26.3,53,38.5,23432,Machine_Failure
Makino-L2-Unit1-2015,4.181500192,10,47.5,35.2,16797,Machine_Failure
Makino-L1-Unit1-2013,4.155164117,18,47.1,29.1,16701,Machine_Failure
Makino-L3-Unit1-2015,4.178183883,4.5,43.2,31,16775,Machine_Failure
Makino-L2-Unit1-2015,4.177338922,12.3,49,28.2,27957,Machine_Failure
Makino-L2-Unit1-2015,4.16193684,18.1,49.8,35.9,16704,Machine_Failure
Makino-L1-Unit1-2013,4.166927432,29.3,40.1,34.8,27613,Machine_Failure
Makino-L2-Unit1-2015,4.171229356,4.6,46,31.5,26605,Machine_Failure
Makino-L2-Unit1-2015,4.172857432,15.7,45.2,33.5,20504,Machine_Failure
Makino-L1-Unit1-2013,4.179905608,26.4,46.6,34,17919,Machine_Failure
Makino-L3-Unit1-2015,4.792979241,22.7,45.6,32.9,27613,Machine_Failure
Makino-L2-Unit1-2015,5.347900718,23.6,48.9,37.8,17726,No_Machine_Failure
Makino-L3-Unit1-2015,5.339592867,9.9,50.9,38.6,13272,No_Machine_Failure
Makino-L1-Unit1-2013,5.341619425,11.9,44.1,35.4,14266,No_Machine_Failure
Makino-L1-Unit1-2013,5.787157575,19.1,45.6,31.3,25555,Machine_Failure
Makino-L3-Unit1-2015,5.348363785,12.2,53.3,39.5,15217,No_Machine_Failure
Makino-L1-Unit1-2013,5.320071463,23.4,47.4,40,19197,No_Machine_Failure
Makino-L3-Unit1-2015,4.785612879,12.5,49.3,31,19289,Machine_Failure
Makino-L3-Unit1-2015,5.32158576,23.4,52.7,34,15217,No_Machine_Failure
Makino-L3-Unit1-2015,4.793685147,15,49.2,33.6,19339,Machine_Failure
Makino-L3-Unit1-2015,4.84252053,10.2,45.8,35.5,20504,Machine_Failure
Makino-L2-Unit1-2015,4.78714377,26,50.3,34.3,26605,Machine_Failure
Makino-L1-Unit1-2013,4.787920379,13.7,40.6,28.2,19316,Machine_Failure
Makino-L2-Unit1-2015,6.796630472,25.2,47.7,42.2,19348,Machine_Failure
Makino-L1-Unit1-2013,4.794016047,25.7,45.1,36.2,19340,Machine_Failure
Makino-L1-Unit1-2013,4.799931918,26.6,43.6,33.1,19349,Machine_Failure
Makino-L3-Unit1-2015,5.341661547,4.5,42.3,35.2,21473,No_Machine_Failure
Makino-L1-Unit1-2013,5.918357337,6.1,48.1,41.2,19321,Machine_Failure
Makino-L2-Unit1-2015,5.337327821,8.7,51.9,31.4,19197,No_Machine_Failure
Makino-L2-Unit1-2015,5.34137028,7.4,43,27.3,18436,No_Machine_Failure
Makino-L2-Unit1-2015,4.79898143,24.3,44,36.8,19348,Machine_Failure
Makino-L2-Unit1-2015,4.79522262,17,49.1,37,19345,Machine_Failure
Makino-L3-Unit1-2015,6.863944117,5,39.1,35.4,19311,Machine_Failure
Makino-L1-Unit1-2013,4.791396578,14.6,50.3,35.2,19333,Machine_Failure
Makino-L1-Unit1-2013,5.330304855,5.7,44.5,34.2,21419,No_Machine_Failure
Makino-L2-Unit1-2015,5.567856573,12.4,51.6,28.7,19188,Machine_Failure
Makino-L2-Unit1-2015,6.839413159,6.1,49.1,30.9,19265,Machine_Failure
Makino-L3-Unit1-2015,3.106960002,23,47.4,34.1,21211,No_Machine_Failure
Makino-L2-Unit1-2015,3.053451378,22.6,49.6,39.5,21057,No_Machine_Failure
Makino-L1-Unit1-2013,5.27674831,22.9,52.4,39.8,21210,No_Machine_Failure
Makino-L2-Unit1-2015,3.164804649,12.2,54.2,35.3,21107,No_Machine_Failure
Makino-L1-Unit1-2013,4.566853902,4.9,53.4,36.9,19263,Machine_Failure
Makino-L1-Unit1-2013,5.15050451,9.9,44.4,32.2,15217,No_Machine_Failure
Makino-L1-Unit1-2013,5.145508474,21.7,45.5,30.3,20695,No_Machine_Failure
Makino-L3-Unit1-2015,6.560332199,6.1,44.4,36.8,0,Machine_Failure
Makino-L1-Unit1-2013,5.145550595,21.7,49.1,30.7,20698,No_Machine_Failure
Makino-L1-Unit1-2013,6.893181921,17.1,47.9,33.5,18527,Machine_Failure
Makino-L2-Unit1-2015,5.123234957,10.6,47.1,36.3,20597,No_Machine_Failure
Makino-L2-Unit1-2015,5.121165152,6.8,50.1,34.6,20589,No_Machine_Failure
Makino-L1-Unit1-2013,5.125908237,5.7,47.5,34.8,20613,No_Machine_Failure
Makino-L1-Unit1-2013,5.116444878,12.2,49.5,40.3,20572,No_Machine_Failure
Makino-L3-Unit1-2015,5.12225447,9.9,44.8,37.1,20594,No_Machine_Failure
Makino-L3-Unit1-2015,5.123106173,6.8,43.5,33.8,20595,No_Machine_Failure
Makino-L2-Unit1-2015,5.120031628,4.5,42.2,36.5,20584,No_Machine_Failure
Makino-L3-Unit1-2015,5.120471619,21.4,42.3,34.6,20587,No_Machine_Failure
Makino-L2-Unit1-2015,5.117301369,21.4,43.1,33.4,20575,No_Machine_Failure
Makino-L1-Unit1-2013,6.893181921,8,48.3,32.9,21951,Machine_Failure
Makino-L1-Unit1-2013,5.918357337,16.7,49.6,38,27957,Machine_Failure
Makino-L1-Unit1-2013,4.09540211,24.1,47.5,36.5,16395,Machine_Failure
Makino-L3-Unit1-2015,6.560332199,26.7,45.6,36,17919,Machine_Failure
Makino-L1-Unit1-2013,4.113492484,7.8,49.9,33,16558,Machine_Failure
Makino-L2-Unit1-2015,5.358623507,18.6,46,36.7,20504,Machine_Failure
Makino-L3-Unit1-2015,6.960635908,21.2,44.1,30.6,21951,Machine_Failure
Makino-L2-Unit1-2015,5.646807964,5.7,43,34.1,19197,No_Machine_Failure
Makino-L1-Unit1-2013,5.649194832,26.3,51.1,34.8,22603,No_Machine_Failure
Makino-L2-Unit1-2015,4.84252053,14,48.7,33.5,27333,Machine_Failure
Makino-L1-Unit1-2013,5.591510892,25.8,40.7,35.2,22393,No_Machine_Failure
Makino-L1-Unit1-2013,5.620539992,4.5,48.8,33.5,19197,No_Machine_Failure
Makino-L2-Unit1-2015,6.893181921,27,47.8,35.8,20801,Machine_Failure
Makino-L1-Unit1-2013,5.593649586,25.9,43.4,31.5,22405,No_Machine_Failure
Makino-L3-Unit1-2015,4.094482785,5.1,44.8,40.7,16389,Machine_Failure
Makino-L1-Unit1-2013,4.113429545,8.1,41.3,35.5,16541,Machine_Failure
Makino-L2-Unit1-2015,5.567856573,5.9,41.4,31.8,25528,Machine_Failure
Makino-L3-Unit1-2015,5.58354443,7.4,47.4,36.8,22331,No_Machine_Failure
Makino-L1-Unit1-2013,5.591662066,10.6,45.6,37.3,22394,No_Machine_Failure
Makino-L3-Unit1-2015,4.566853902,13.7,49.2,37.1,23432,Machine_Failure
Makino-L3-Unit1-2015,5.619631148,7.4,44,40,22511,No_Machine_Failure
Makino-L1-Unit1-2013,5.591402322,8.7,47.3,39,22383,No_Machine_Failure
Makino-L2-Unit1-2015,6.839413159,32.3,48.5,31.7,26526,Machine_Failure
Makino-L3-Unit1-2015,5.588143922,11.9,39.8,34.5,22364,No_Machine_Failure
Makino-L2-Unit1-2015,5.590587447,4.5,51.1,34.9,22369,No_Machine_Failure
Makino-L3-Unit1-2015,5.590946426,8.7,47,35.4,22380,No_Machine_Failure
Makino-L3-Unit1-2015,6.863944117,22,50.8,44.4,27613,Machine_Failure
Makino-L2-Unit1-2015,4.86086247,6.9,49.3,33.8,26605,Machine_Failure
Makino-L2-Unit1-2015,5.315880577,11.9,52.2,34.4,14266,No_Machine_Failure
Makino-L3-Unit1-2015,5.292056063,5.7,51.8,30.5,16198,No_Machine_Failure
Makino-L2-Unit1-2015,5.317554484,7.4,44.4,36.4,18436,No_Machine_Failure
Makino-L2-Unit1-2015,5.313221796,8.7,44.8,36.2,19197,No_Machine_Failure
Makino-L1-Unit1-2013,5.316627769,10.6,49.6,36.4,14152,No_Machine_Failure
Makino-L2-Unit1-2015,3.053148837,5.7,41.7,32.6,21294,No_Machine_Failure
Makino-L3-Unit1-2015,5.309410605,6.8,45.2,38.2,21355,No_Machine_Failure
Makino-L3-Unit1-2015,3.053451378,4.5,45,40.3,21295,No_Machine_Failure
Makino-L3-Unit1-2015,4.814777241,24.4,44.2,34.6,27957,Machine_Failure
Makino-L2-Unit1-2015,4.784273106,30.3,47.9,36.7,21951,Machine_Failure
Makino-L2-Unit1-2015,3.126011472,8.7,44.8,36.2,22126,No_Machine_Failure
Makino-L3-Unit1-2015,4.84252053,26.4,48.5,42.5,25528,Machine_Failure
Makino-L2-Unit1-2015,5.299338088,11.9,,28.6,21294,No_Machine_Failure
Makino-L2-Unit1-2015,4.760826391,25.6,47.8,34.3,17919,Machine_Failure
Makino-L3-Unit1-2015,5.299559105,5.7,47,34.9,17726,No_Machine_Failure
Makino-L1-Unit1-2013,5.298239369,23.1,44.6,36.8,13272,No_Machine_Failure
Makino-L3-Unit1-2015,4.80276381,30.3,52.2,32.2,19356,Machine_Failure
Makino-L3-Unit1-2015,4.783945614,29.8,43.4,31.7,20504,Machine_Failure
Makino-L1-Unit1-2013,4.815819738,28.7,45.7,32,26605,Machine_Failure
Makino-L2-Unit1-2015,4.810830588,27,52,33.8,27613,Machine_Failure
Makino-L3-Unit1-2015,5.319111059,23.4,42,37.5,21388,No_Machine_Failure
Makino-L3-Unit1-2015,4.78355714,26.4,47.3,36.5,26526,Machine_Failure
Makino-L3-Unit1-2015,4.801389002,25.6,46.9,35.9,23432,Machine_Failure
Makino-L1-Unit1-2013,4.817527688,24.4,48.8,29.7,19418,Machine_Failure
Makino-L3-Unit1-2015,4.806130315,29.8,54,33.1,19369,Machine_Failure
Makino-L2-Unit1-2015,4.806350941,12.4,44.1,34.7,19371,Machine_Failure
Makino-L1-Unit1-2013,4.804042973,24.4,50.8,33,19356,Machine_Failure
Makino-L2-Unit1-2015,4.802691438,25.6,45.4,30.9,19355,Machine_Failure
Makino-L3-Unit1-2015,4.807144436,26.4,59.5,43.5,19380,Machine_Failure
Makino-L2-Unit1-2015,4.804072834,27,47.3,36,19362,Machine_Failure
Makino-L3-Unit1-2015,4.80788494,28.7,50.3,35.4,19382,Machine_Failure
Makino-L3-Unit1-2015,5.238579471,11.9,53.2,25.5,21071,No_Machine_Failure
Makino-L3-Unit1-2015,4.761176704,22.5,49.7,39.8,19206,Machine_Failure
Makino-L2-Unit1-2015,5.233876854,22.5,48,33.6,19197,No_Machine_Failure
Makino-L3-Unit1-2015,4.759350857,26.4,40.1,34.3,19199,Machine_Failure
Makino-L3-Unit1-2015,4.760435125,10.8,46.8,33,19201,Machine_Failure
Makino-L3-Unit1-2015,5.23076198,22.5,48.6,41.1,14152,No_Machine_Failure
Makino-L3-Unit1-2015,3.106960002,22.7,42.3,36.3,21121,No_Machine_Failure
Makino-L2-Unit1-2015,3.888834693,22.6,47.2,36.1,15217,No_Machine_Failure
Makino-L2-Unit1-2015,3.106960002,22.5,53.7,31.3,21030,No_Machine_Failure
Makino-L3-Unit1-2015,3.105982448,21.7,43.9,33.5,20698,No_Machine_Failure
Makino-L3-Unit1-2015,3.126011472,21.5,40.7,38.7,20611,No_Machine_Failure
Makino-L2-Unit1-2015,3.053148837,21.5,45.4,30,20602,No_Machine_Failure
Makino-L3-Unit1-2015,4.592468055,9.8,46.5,28.1,18531,Machine_Failure
Makino-L2-Unit1-2015,3.106960002,21.4,50.7,34.7,20567,No_Machine_Failure
Makino-L2-Unit1-2015,3.888834693,21.4,48.4,34.6,20567,No_Machine_Failure
Makino-L3-Unit1-2015,5.918357337,28.7,52.2,39,23432,Machine_Failure
Makino-L2-Unit1-2015,3.053451378,21.5,49.7,42.2,20607,No_Machine_Failure
Makino-L3-Unit1-2015,3.164804649,21.4,47.5,27,20564,No_Machine_Failure
Makino-L2-Unit1-2015,5.662801463,26.4,52.8,36,14152,No_Machine_Failure
Makino-L3-Unit1-2015,5.653663897,26.3,42,34.2,19197,No_Machine_Failure
Makino-L1-Unit1-2013,4.22527223,19.2,40.6,37.5,16942,Machine_Failure
Makino-L2-Unit1-2015,4.228527188,7,43.5,29.3,16954,Machine_Failure
Makino-L2-Unit1-2015,4.235347498,7.5,40.7,34.4,16988,Machine_Failure
Makino-L3-Unit1-2015,3.053451378,26.4,47.8,30.5,15217,No_Machine_Failure
Makino-L2-Unit1-2015,5.661054301,5.7,46.5,33.7,22639,No_Machine_Failure
Makino-L1-Unit1-2013,4.235889725,10.3,41.4,35.2,16993,Machine_Failure
Makino-L3-Unit1-2015,4.236806854,24.3,43,34.1,16996,Machine_Failure
Makino-L3-Unit1-2015,4.104309228,10.3,52.3,41.3,16455,Machine_Failure
Makino-L3-Unit1-2015,5.661335656,26.4,47.3,33.5,15217,No_Machine_Failure
Makino-L2-Unit1-2015,6.960635908,29.8,48.1,36.7,25528,Machine_Failure
Makino-L1-Unit1-2013,5.358623507,28.7,40.2,37,17919,Machine_Failure
Makino-L2-Unit1-2015,6.893181921,24.4,56.9,35.3,26526,Machine_Failure
Makino-L1-Unit1-2013,4.84252053,30.3,51.8,42.4,23432,Machine_Failure
Makino-L3-Unit1-2015,3.888834693,26.4,54.7,29.2,22663,No_Machine_Failure
Makino-L1-Unit1-2013,5.567856573,30.3,46.5,40.4,27613,Machine_Failure
Makino-L3-Unit1-2015,5.918357337,25.6,49.5,33,27613,Machine_Failure
Makino-L3-Unit1-2015,5.66450374,12.2,51.5,35.2,22668,No_Machine_Failure
Makino-L1-Unit1-2013,5.648829384,26.3,38.3,37.6,22603,No_Machine_Failure
Makino-L2-Unit1-2015,5.659262955,26.3,52,31.5,22628,No_Machine_Failure
Makino-L2-Unit1-2015,5.649922565,26.3,50,31.5,22605,No_Machine_Failure
Makino-L1-Unit1-2013,,26.3,47.8,44.5,22612,No_Machine_Failure
Makino-L3-Unit1-2015,3.895031347,26.4,50.5,38.2,22672,No_Machine_Failure
Makino-L1-Unit1-2013,,26.4,43,35.7,22672,No_Machine_Failure
Makino-L2-Unit1-2015,6.560332199,29.8,43.4,28.2,26526,Machine_Failure
Makino-L2-Unit1-2015,3.105982448,26.3,47.6,39,22609,No_Machine_Failure
Makino-L3-Unit1-2015,5.654772793,26.3,50.8,33.4,18436,No_Machine_Failure
Makino-L1-Unit1-2013,4.86086247,27,50.5,35.1,27957,Machine_Failure
Makino-L3-Unit1-2015,6.839413159,29.8,45.4,37,16952,Machine_Failure
Makino-L3-Unit1-2015,3.164804649,26.1,50.9,36.2,22515,No_Machine_Failure
Makino-L3-Unit1-2015,4.231212722,4.2,49.4,35.7,16959,Machine_Failure
Makino-L2-Unit1-2015,4.258851391,17.6,49,28.8,17092,Machine_Failure
Makino-L2-Unit1-2015,5.663438802,26.4,61.4,41.9,22653,No_Machine_Failure
Makino-L2-Unit1-2015,6.560332199,26.4,51.9,38.7,26605,Machine_Failure
Makino-L1-Unit1-2013,4.566853902,28.7,44.2,29.3,21951,Machine_Failure
Makino-L1-Unit1-2013,4.183062096,22.3,46.9,31.3,16812,Machine_Failure
Makino-L1-Unit1-2013,6.863944117,30.3,49.2,35.1,16405,Machine_Failure
Makino-L2-Unit1-2015,4.566853902,24.4,47.7,30.4,26605,Machine_Failure
Makino-L2-Unit1-2015,5.567856573,27,47.9,40.2,20504,Machine_Failure
Makino-L3-Unit1-2015,4.772974302,6.9,50.7,34.6,20504,Machine_Failure
Makino-L1-Unit1-2013,5.39649332,24,49.7,40.4,21615,No_Machine_Failure
Makino-L2-Unit1-2015,4.75485753,12.4,37.4,30.3,26526,Machine_Failure
Makino-L3-Unit1-2015,4.754661714,25.3,41.4,38,27613,Machine_Failure
Makino-L3-Unit1-2015,4.754099716,19.3,43,35.4,26605,Machine_Failure
Makino-L1-Unit1-2013,6.839413159,25.6,47.1,33.6,20504,Machine_Failure
Makino-L1-Unit1-2013,5.401602081,24,47.5,40.8,21639,No_Machine_Failure
Makino-L1-Unit1-2013,3.164804649,24,46.3,33.2,21617,No_Machine_Failure
Makino-L3-Unit1-2015,4.778648959,24.5,44.7,31.6,19271,Machine_Failure
Makino-L1-Unit1-2013,4.778973636,24.5,51.3,36,19272,Machine_Failure
Makino-L2-Unit1-2015,4.757320379,25.9,39,27.7,19191,Machine_Failure
Makino-L2-Unit1-2015,5.404162297,24.1,48.7,33.3,21644,No_Machine_Failure
Makino-L2-Unit1-2015,4.77835362,16.6,46.8,35.4,21951,Machine_Failure
Makino-L3-Unit1-2015,6.863944117,26.4,51.2,33.5,21951,Machine_Failure
Makino-L3-Unit1-2015,4.755571907,26.3,45.2,30.1,23432,Machine_Failure
Makino-L1-Unit1-2013,5.317756282,23.4,47.2,33.6,17726,No_Machine_Failure
Makino-L1-Unit1-2013,5.40810203,9.9,52.5,30.5,21659,No_Machine_Failure
Makino-L3-Unit1-2015,4.752287342,6.3,44.3,34,23432,Machine_Failure
Makino-L3-Unit1-2015,4.782911348,20,53.2,38.8,19285,Machine_Failure
Makino-L3-Unit1-2015,6.108823306,14.2,59.2,36.5,27957,Machine_Failure
Makino-L1-Unit1-2013,4.779083195,8.4,56.4,30.9,19272,Machine_Failure
Makino-L1-Unit1-2013,4.748108669,11.5,52.7,39.6,24999,Machine_Failure
Makino-L1-Unit1-2013,4.761237565,26.3,48,31.9,25528,Machine_Failure
Makino-L3-Unit1-2015,5.408341594,24.1,45.3,36.3,17726,No_Machine_Failure
Makino-L1-Unit1-2013,5.400100015,24,47.2,38.8,21625,No_Machine_Failure
Makino-L1-Unit1-2013,3.106960002,23.7,51.6,38,21502,No_Machine_Failure
Makino-L3-Unit1-2015,3.888834693,24,51.4,39.6,21607,No_Machine_Failure
Makino-L3-Unit1-2015,3.053148837,24,50.4,35.2,21612,No_Machine_Failure
Makino-L1-Unit1-2013,3.126011472,22.7,54.2,34.3,21115,No_Machine_Failure
Makino-L2-Unit1-2015,3.895031347,22.7,48.3,41.4,21110,No_Machine_Failure
Makino-L1-Unit1-2013,6.863944117,30.3,49.3,36.1,21951,Machine_Failure
Makino-L2-Unit1-2015,5.253161878,22.7,,43,21127,No_Machine_Failure
Makino-L1-Unit1-2013,4.86086247,27,47.3,33,21951,Machine_Failure
Makino-L1-Unit1-2013,3.053451378,22.7,52.2,34.6,21119,No_Machine_Failure
Makino-L2-Unit1-2015,5.144646312,6.8,49.5,35.4,20694,No_Machine_Failure
Makino-L2-Unit1-2015,6.893181921,24.4,50.2,29.2,20801,Machine_Failure
Makino-L3-Unit1-2015,5.358623507,28.7,52,40.4,27957,Machine_Failure
Makino-L3-Unit1-2015,6.960635908,29.8,44.6,38.9,17919,Machine_Failure
Makino-L3-Unit1-2015,4.84252053,30.3,51.4,32.8,25528,Machine_Failure
Makino-L3-Unit1-2015,6.839413159,29.8,50.1,31.3,20504,Machine_Failure
Makino-L1-Unit1-2013,5.918357337,25.6,48.3,29.8,23432,Machine_Failure
Makino-L3-Unit1-2015,6.560332199,26.4,46.6,41.1,26526,Machine_Failure
Makino-L1-Unit1-2013,5.567856573,27,47.7,31.4,27613,Machine_Failure
Makino-L1-Unit1-2013,4.566853902,28.7,42.5,37,26605,Machine_Failure
Makino-L3-Unit1-2015,5.103550935,21.3,48.4,36.9,20501,No_Machine_Failure
Makino-L2-Unit1-2015,5.106081562,10.6,43.4,32.4,20536,No_Machine_Failure
Makino-L1-Unit1-2013,4.597106218,18.4,44.4,39.5,17919,Machine_Failure
Makino-L3-Unit1-2015,5.103807043,12.2,48.9,34.1,20505,No_Machine_Failure
Makino-L2-Unit1-2015,4.595799295,4.9,44.8,33.8,18553,Machine_Failure
Makino-L1-Unit1-2013,5.107853292,21.3,,37.4,20548,No_Machine_Failure
Makino-L2-Unit1-2015,3.895031347,21.3,46.4,37.2,20546,No_Machine_Failure
Makino-L1-Unit1-2013,5.10910986,21.3,48.9,39.4,14266,No_Machine_Failure
Makino-L3-Unit1-2015,5.10513139,21.3,45.8,37.1,20512,No_Machine_Failure
Makino-L2-Unit1-2015,4.223619729,14.5,51,43.1,23990,Machine_Failure
Makino-L2-Unit1-2015,4.246362254,20,42.9,39.9,23432,Machine_Failure
Makino-L1-Unit1-2013,4.240495164,14.2,45.4,34.3,26526,Machine_Failure
Makino-L3-Unit1-2015,6.192603245,30.4,50,37.6,24313,No_Machine_Failure
Makino-L1-Unit1-2013,6.234286546,9.9,51.8,35.5,13272,No_Machine_Failure
Makino-L3-Unit1-2015,6.110119687,4.5,46.8,38.9,16198,No_Machine_Failure
Makino-L1-Unit1-2013,6.189249225,30.4,54.9,39.6,24307,No_Machine_Failure
Makino-L2-Unit1-2015,6.839413159,14.2,45.2,32.4,17072,Machine_Failure
Makino-L2-Unit1-2015,5.646626525,8.7,46.2,36.8,22591,No_Machine_Failure
Makino-L2-Unit1-2015,6.229981647,9.9,49.7,37.8,24510,No_Machine_Failure
Makino-L2-Unit1-2015,6.16484072,10.6,45.5,38.5,24278,No_Machine_Failure
Makino-L3-Unit1-2015,3.164804649,12.2,51.7,38.6,24461,No_Machine_Failure
Makino-L1-Unit1-2013,6.863944117,7.7,51.9,39.6,17073,Machine_Failure
Makino-L1-Unit1-2013,5.567856573,16.6,52,30.9,17081,Machine_Failure
Makino-L2-Unit1-2015,4.566853902,6.2,54.6,38.9,17067,Machine_Failure
Makino-L2-Unit1-2015,3.106960002,26.1,49,38.9,22534,No_Machine_Failure
Makino-L1-Unit1-2013,6.560332199,15.4,46.8,34.4,17061,Machine_Failure
Makino-L3-Unit1-2015,5.918357337,15.4,49.2,37.6,17036,Machine_Failure
Makino-L3-Unit1-2015,6.893181921,12.1,50.2,32.2,17011,Machine_Failure
Makino-L3-Unit1-2015,4.84252053,34.7,47.2,35.2,17042,Machine_Failure
Makino-L1-Unit1-2013,6.960635908,11,43.2,33.6,17030,Machine_Failure
Makino-L1-Unit1-2013,5.358623507,11.1,43.3,37.2,16817,Machine_Failure
Makino-L2-Unit1-2015,4.86086247,22.8,50.2,40.4,16815,Machine_Failure
Makino-L2-Unit1-2015,6.863944117,10,52.3,38.7,16910,Machine_Failure
Makino-L2-Unit1-2015,6.839413159,14.9,49.7,34.6,16910,Machine_Failure
Makino-L1-Unit1-2013,4.566853902,17.1,46.7,36,17061,Machine_Failure
Makino-L3-Unit1-2015,5.567856573,6.2,44.4,37.6,16874,Machine_Failure
Makino-L1-Unit1-2013,6.560332199,11.7,49.9,34.9,17010,Machine_Failure
Makino-L3-Unit1-2015,5.643748676,26.2,47.4,33.1,17726,No_Machine_Failure
Makino-L2-Unit1-2015,3.895031347,30.3,55.7,36.3,24280,No_Machine_Failure
Makino-L1-Unit1-2013,6.198191407,31,52.7,35.3,19197,No_Machine_Failure
Makino-L3-Unit1-2015,3.053148837,30.1,48.4,38.8,14266,No_Machine_Failure
Makino-L1-Unit1-2013,3.126011472,30.3,44.9,39,24298,No_Machine_Failure
Makino-L3-Unit1-2015,6.107552666,6.8,49.7,32.3,13272,No_Machine_Failure
Makino-L2-Unit1-2015,5.78222396,27.6,49.5,38.8,13272,No_Machine_Failure
Makino-L2-Unit1-2015,5.631219041,26.2,47.8,28.6,14152,No_Machine_Failure
Makino-L3-Unit1-2015,3.895031347,26.2,44.1,34.1,22552,No_Machine_Failure
Makino-L3-Unit1-2015,5.638346149,26.2,39.9,35,22553,No_Machine_Failure
Makino-L1-Unit1-2013,6.213477913,31,44.5,32.2,24455,No_Machine_Failure
Makino-L3-Unit1-2015,6.192603245,30.5,46.4,31,24315,No_Machine_Failure
Makino-L3-Unit1-2015,5.629777874,26.1,48,31.8,13272,No_Machine_Failure
Makino-L1-Unit1-2013,3.895031347,27.5,42,35.6,16198,No_Machine_Failure
Makino-L3-Unit1-2015,5.631572422,26.2,46.6,32.2,16198,No_Machine_Failure
Makino-L3-Unit1-2015,3.895031347,26.2,51.6,34.5,22561,No_Machine_Failure
Makino-L3-Unit1-2015,3.053451378,,50.6,45.4,,No_Machine_Failure
Makino-L1-Unit1-2013,3.126011472,26.1,53,34,22525,No_Machine_Failure
Makino-L1-Unit1-2013,4.258445857,18.5,49.7,37.6,17076,Machine_Failure
Makino-L3-Unit1-2015,6.19513842,10.6,47,34.5,16198,No_Machine_Failure
Makino-L1-Unit1-2013,3.895031347,9.9,43.5,31.5,13272,No_Machine_Failure
Makino-L2-Unit1-2015,5.383469576,5.7,44.1,37.2,21592,No_Machine_Failure
Makino-L3-Unit1-2015,3.817833591,5.7,49.5,41.3,17726,No_Machine_Failure
Makino-L3-Unit1-2015,3.164804649,4.5,52.3,32.4,16198,No_Machine_Failure
Makino-L1-Unit1-2013,3.164804649,5.7,46.1,40.4,13272,No_Machine_Failure
Makino-L2-Unit1-2015,6.863944117,26.4,47.7,36,20504,Machine_Failure
Makino-L3-Unit1-2015,3.105982448,12.2,53.4,44.1,15217,No_Machine_Failure
Makino-L3-Unit1-2015,4.84252053,4.7,45.6,36.8,19596,Machine_Failure
Makino-L3-Unit1-2015,3.126011472,10.6,47.3,27.9,17726,No_Machine_Failure
Makino-L3-Unit1-2015,5.420819351,11.9,47,33.7,21695,No_Machine_Failure
Makino-L2-Unit1-2015,4.86722127,6.4,42,30.8,19621,Machine_Failure
Makino-L1-Unit1-2013,3.053451378,6.8,45.9,39.5,17726,No_Machine_Failure
Makino-L3-Unit1-2015,3.895031347,9.9,47.6,35.1,16198,No_Machine_Failure
Makino-L1-Unit1-2013,3.053148837,23.9,50.7,34,21576,No_Machine_Failure
Makino-L2-Unit1-2015,3.888834693,8.7,42.9,36.8,15217,No_Machine_Failure
Makino-L3-Unit1-2015,4.863336017,25.1,47.9,33.6,19609,Machine_Failure
Makino-L3-Unit1-2015,5.362001026,5.7,43.3,38,21528,No_Machine_Failure
Makino-L3-Unit1-2015,6.839413159,25.6,52.8,36,26605,Machine_Failure
Makino-L1-Unit1-2013,6.893181921,11.4,45.5,38.5,19621,Machine_Failure
Makino-L3-Unit1-2015,5.567856573,15.5,53.8,41.5,27613,Machine_Failure
Makino-L1-Unit1-2013,6.560332199,13,46.6,32.3,26526,Machine_Failure
Makino-L2-Unit1-2015,4.566853902,20.8,38.1,33.9,26605,Machine_Failure
Makino-L3-Unit1-2015,5.918357337,11,41.8,31.5,23432,Machine_Failure
Makino-L1-Unit1-2013,6.893181921,6.2,46.2,35.5,25528,Machine_Failure
Makino-L2-Unit1-2015,4.84252053,9.8,38.6,34.7,17919,Machine_Failure
Makino-L1-Unit1-2013,6.960635908,4.2,46.3,34.8,27957,Machine_Failure
Makino-L3-Unit1-2015,5.423161286,24.2,51.9,38.4,21708,No_Machine_Failure
Makino-L1-Unit1-2013,6.839413159,9.7,46.1,36.3,20504,Machine_Failure
Makino-L1-Unit1-2013,5.375713004,23.9,36.9,37.6,21580,No_Machine_Failure
Makino-L3-Unit1-2015,4.566853902,24.4,46.9,36.8,27613,Machine_Failure
Makino-L1-Unit1-2013,5.918357337,15.2,45.4,38.9,19421,Machine_Failure
Makino-L3-Unit1-2015,3.105982448,24.2,44.4,36.3,21699,No_Machine_Failure
Makino-L3-Unit1-2015,5.245609345,10.6,45.5,35.2,21095,No_Machine_Failure
Makino-L3-Unit1-2015,5.243661854,4.5,48.2,41.5,21078,No_Machine_Failure
Makino-L1-Unit1-2013,5.244889136,11.9,48,42.3,21092,No_Machine_Failure
Makino-L3-Unit1-2015,5.243642708,12.2,46.1,36.2,21078,No_Machine_Failure
Makino-L1-Unit1-2013,5.358623507,15,46.2,33.7,21951,Machine_Failure
Makino-L1-Unit1-2013,4.86086247,16.4,45.2,33.4,20504,Machine_Failure
Makino-L3-Unit1-2015,6.863944117,18.2,49.3,33.2,26605,Machine_Failure
Makino-L2-Unit1-2015,4.566853902,21.8,51.6,39,26526,Machine_Failure
Makino-L2-Unit1-2015,6.839413159,14.1,51.8,32.4,27613,Machine_Failure
Makino-L3-Unit1-2015,5.567856573,19.9,47.9,33.7,23432,Machine_Failure
Makino-L1-Unit1-2013,5.146634139,7.4,49.4,35.5,19197,No_Machine_Failure
Makino-L1-Unit1-2013,6.560332199,4.9,51.3,35.5,20801,Machine_Failure
Makino-L2-Unit1-2015,5.918357337,15.8,48.2,32.2,25528,Machine_Failure
Makino-L1-Unit1-2013,3.053148837,7.4,50.8,33.9,18436,No_Machine_Failure
Makino-L3-Unit1-2015,6.893181921,9.6,43.7,31.6,17919,Machine_Failure
Makino-L1-Unit1-2013,4.84252053,13.4,49.5,32.4,27957,Machine_Failure
Makino-L1-Unit1-2013,5.178800498,22,51.2,30.7,20833,No_Machine_Failure
Makino-L1-Unit1-2013,5.17916007,22,45.6,31.4,20834,No_Machine_Failure
Makino-L1-Unit1-2013,5.11094948,21.4,49.6,38.9,20557,No_Machine_Failure
Makino-L3-Unit1-2015,6.052287047,4.5,47.7,35.9,17726,No_Machine_Failure
Makino-L1-Unit1-2013,4.20699793,4.5,47,29.5,20504,Machine_Failure
Makino-L3-Unit1-2015,4.205222142,9.5,49.3,23.8,26605,Machine_Failure
Makino-L2-Unit1-2015,4.212618709,20.2,46.5,36.1,27613,Machine_Failure
Makino-L3-Unit1-2015,6.01364076,11.9,47.2,41.3,15217,No_Machine_Failure
Makino-L2-Unit1-2015,6.014426275,9.9,53.4,37.6,14152,No_Machine_Failure
Makino-L1-Unit1-2013,6.084072168,12.2,44.6,33.6,16198,No_Machine_Failure
Makino-L1-Unit1-2013,4.19194524,6.8,44.2,40,26526,Machine_Failure
Makino-L2-Unit1-2015,3.105982448,29.8,55.9,35.1,24094,No_Machine_Failure
Makino-L3-Unit1-2015,6.020676082,5.7,45.4,32,23945,No_Machine_Failure
Makino-L2-Unit1-2015,6.1049761,6.8,49.7,38.1,24151,No_Machine_Failure
Makino-L2-Unit1-2015,6.059746373,8.7,48.9,33.3,24074,No_Machine_Failure
Makino-L2-Unit1-2015,3.895031347,12.2,41.7,36,24092,No_Machine_Failure
Makino-L1-Unit1-2013,3.126011472,29.8,48.3,38.8,24097,No_Machine_Failure
Makino-L1-Unit1-2013,6.026283801,10.6,51.9,31.9,14266,No_Machine_Failure
Makino-L3-Unit1-2015,4.203009141,24.3,51.3,36.2,21951,Machine_Failure
Makino-L3-Unit1-2015,4.211640639,27,42.9,39.1,16875,Machine_Failure
Makino-L2-Unit1-2015,4.198424375,12.8,51,29.1,16830,Machine_Failure
Makino-L3-Unit1-2015,5.567856573,30.3,43.2,37.8,26526,Machine_Failure
Makino-L2-Unit1-2015,6.560332199,29.8,45.9,35.6,23432,Machine_Failure
Makino-L3-Unit1-2015,4.219632774,29.8,52.9,36.4,16910,Machine_Failure
Makino-L2-Unit1-2015,4.214367212,30.3,56.1,31.4,16893,Machine_Failure
Makino-L1-Unit1-2013,5.918357337,28.7,40.4,35.4,16828,Machine_Failure
Makino-L2-Unit1-2015,6.863944117,6.5,48.7,35.9,21951,Machine_Failure
Makino-L1-Unit1-2013,4.207159746,11.6,47.4,36.2,16867,Machine_Failure
Makino-L1-Unit1-2013,4.216307522,24.4,51.5,32.4,16899,Machine_Failure
Makino-L1-Unit1-2013,6.893181921,27,53.7,31.4,16887,Machine_Failure
Makino-L2-Unit1-2015,4.214534974,25.6,43.3,33.8,16899,Machine_Failure
Makino-L3-Unit1-2015,4.84252053,26.4,50.2,39,16883,Machine_Failure
Makino-L1-Unit1-2013,4.881179508,24.2,51,40.7,19684,Machine_Failure
Makino-L1-Unit1-2013,4.878719334,28.7,44.4,33.3,19668,Machine_Failure
Makino-L2-Unit1-2015,4.877123108,29.8,48.2,41.2,19659,Machine_Failure
Makino-L2-Unit1-2015,4.874710987,27,49.1,39.8,19657,Machine_Failure
Makino-L3-Unit1-2015,4.871922535,28.7,47.6,40.1,19648,Machine_Failure
Makino-L1-Unit1-2013,4.878068606,25.6,45.7,30,19664,Machine_Failure
Makino-L1-Unit1-2013,5.221860459,26.4,42.8,35,19680,Machine_Failure
Makino-L2-Unit1-2015,4.852759608,26.4,48,36.2,19578,Machine_Failure
Makino-L3-Unit1-2015,4.871156844,30.3,50,37.3,19647,Machine_Failure
Makino-L3-Unit1-2015,4.798359345,4.5,43.2,29,15217,No_Machine_Failure
Makino-L3-Unit1-2015,3.895031347,6.8,,40.3,18436,No_Machine_Failure
Makino-L1-Unit1-2013,3.79559379,6.8,47.6,34.1,17726,No_Machine_Failure
Makino-L3-Unit1-2015,3.866646783,5.7,51.9,31.2,16198,No_Machine_Failure
Makino-L1-Unit1-2013,5.423701104,9.9,45.3,38.1,13272,No_Machine_Failure
Makino-L3-Unit1-2015,3.166083167,12.2,39.5,35.2,14266,No_Machine_Failure
Makino-L3-Unit1-2015,3.178193346,11.9,,43.3,14152,No_Machine_Failure
Makino-L2-Unit1-2015,3.817833591,10.6,43.2,29.9,13272,No_Machine_Failure
Makino-L1-Unit1-2013,3.78509192,9.9,47.4,38.1,19197,No_Machine_Failure
Makino-L3-Unit1-2015,3.820178099,8.7,50,41,18436,No_Machine_Failure
Makino-L2-Unit1-2015,5.992048108,7.4,56.6,38.5,17726,No_Machine_Failure
Makino-L3-Unit1-2015,5.918941307,10.6,43.9,38,14152,No_Machine_Failure
Makino-L2-Unit1-2015,3.166768986,7.4,42.5,36.4,18436,No_Machine_Failure
Makino-L2-Unit1-2015,3.888834693,5.7,47.2,30.2,17726,No_Machine_Failure
Makino-L1-Unit1-2013,3.140995239,8.7,47.7,31.8,19197,No_Machine_Failure
Makino-L1-Unit1-2013,4.870609488,24.4,42.9,29.2,19647,Machine_Failure
Makino-L3-Unit1-2015,3.126011472,4.5,52.5,32.4,17726,No_Machine_Failure
Makino-L2-Unit1-2015,3.895031347,28.5,49.6,38.5,16198,No_Machine_Failure
Makino-L3-Unit1-2015,3.126011472,7.4,48.6,41.9,20616,No_Machine_Failure
Makino-L1-Unit1-2013,5.110733064,6.8,43.1,36.2,16198,No_Machine_Failure
Makino-L3-Unit1-2015,4.817263419,13.8,45.3,31.2,19412,Machine_Failure
Makino-L1-Unit1-2013,3.053148837,21.4,43.6,28.9,14266,No_Machine_Failure
Makino-L1-Unit1-2013,3.105982448,9.9,50.7,40.4,20536,No_Machine_Failure
Makino-L1-Unit1-2013,5.105868054,21.3,48.1,39.4,15217,No_Machine_Failure
Makino-L1-Unit1-2013,4.785273334,24.4,47.5,38.6,19288,Machine_Failure
Makino-L1-Unit1-2013,3.053451378,21.3,57.2,37.5,14152,No_Machine_Failure
Makino-L1-Unit1-2013,3.106960002,8.7,53.5,36.8,20547,No_Machine_Failure
Makino-L3-Unit1-2015,4.790510066,25.6,43.4,27.4,19328,Machine_Failure
Makino-L3-Unit1-2015,3.888834693,21.3,45.1,33.9,15217,No_Machine_Failure
Makino-L1-Unit1-2013,4.499801,12.1,42.7,36.6,27957,Machine_Failure
Makino-L1-Unit1-2013,5.244833265,22.6,54,31.6,14266,No_Machine_Failure
Makino-L1-Unit1-2013,5.243763301,22.6,51.5,34.8,18436,No_Machine_Failure
Makino-L2-Unit1-2015,4.499546058,16.3,42.9,35.7,17919,Machine_Failure
Makino-L2-Unit1-2015,4.501613528,12.5,52.4,34.9,25528,Machine_Failure
Makino-L2-Unit1-2015,5.244508203,22.6,39.1,38.7,17726,No_Machine_Failure
Makino-L1-Unit1-2013,4.5010932,19.4,52.5,41.1,18128,Machine_Failure
Makino-L2-Unit1-2015,5.245107966,22.7,46.2,33.3,14152,No_Machine_Failure
Makino-L3-Unit1-2015,4.515339843,25.6,50,35.8,18165,Machine_Failure
Makino-L2-Unit1-2015,4.50061115,21.5,39.2,40.5,18127,Machine_Failure
Makino-L3-Unit1-2015,4.499787238,15.1,45.6,37.6,18122,Machine_Failure
Makino-L1-Unit1-2013,3.822989697,24.2,35.2,30.8,17919,Machine_Failure
Makino-L3-Unit1-2015,6.960635908,25.8,46.3,32.7,14881,Machine_Failure
Makino-L1-Unit1-2013,4.566853902,5.1,48.9,29.4,27613,Machine_Failure
Makino-L1-Unit1-2013,3.911301948,17.4,47.5,36.6,21951,Machine_Failure
Makino-L1-Unit1-2013,6.839413159,19.9,50.4,34.5,26605,Machine_Failure
Makino-L3-Unit1-2015,6.863944117,21.1,51.3,32.1,20504,Machine_Failure
Makino-L1-Unit1-2013,4.182822392,12.3,46.1,28,21951,Machine_Failure
Makino-L1-Unit1-2013,4.216488735,12.3,52.1,31.2,27957,Machine_Failure
Makino-L2-Unit1-2015,,,52.5,29.9,,No_Machine_Failure
Makino-L2-Unit1-2015,,,43.5,33.8,27882,No_Machine_Failure
Makino-L2-Unit1-2015,3.800408771,11.9,47.9,38.6,23432,Machine_Failure
Makino-L3-Unit1-2015,3.819969154,19,55.1,37.5,26526,Machine_Failure
Makino-L2-Unit1-2015,3.788093233,7.4,43.7,30.2,27613,Machine_Failure
Makino-L1-Unit1-2013,3.781411169,26.1,42.9,32.9,26605,Machine_Failure
Makino-L2-Unit1-2015,3.819605653,7.4,46.3,33.2,20504,Machine_Failure
Makino-L1-Unit1-2013,6.823141776,33.6,46.2,35.6,25121,No_Machine_Failure
Makino-L1-Unit1-2013,,36,54.4,43.5,19197,No_Machine_Failure
Makino-L1-Unit1-2013,,,51.3,30,26289,No_Machine_Failure
Makino-L2-Unit1-2015,,,39.8,37.8,,No_Machine_Failure
Makino-L1-Unit1-2013,4.071163609,11.2,53.6,38,20801,Machine_Failure
Makino-L3-Unit1-2015,6.249544837,31.3,42.9,37.1,24616,No_Machine_Failure
Makino-L2-Unit1-2015,,36.1,44.8,37.5,25468,No_Machine_Failure
Makino-L2-Unit1-2015,,,46.2,35,18436,No_Machine_Failure
Makino-L3-Unit1-2015,,,50.6,32.5,17726,No_Machine_Failure
Makino-L2-Unit1-2015,,12.2,40.9,31,25642,No_Machine_Failure
Makino-L2-Unit1-2015,,11.9,45.2,33.8,25576,No_Machine_Failure
Makino-L3-Unit1-2015,11.35,5.7,49.3,30.4,15217,No_Machine_Failure
Makino-L3-Unit1-2015,,,44.7,38.7,15217,No_Machine_Failure
Makino-L2-Unit1-2015,11.3,34.1,44.2,38.9,25156,No_Machine_Failure
Makino-L3-Unit1-2015,,34.9,52.2,31,25312,No_Machine_Failure
Makino-L2-Unit1-2015,5.937147147,12.2,49.4,42.1,23685,No_Machine_Failure
Makino-L3-Unit1-2015,6.893181921,13.4,44.7,30.6,20801,Machine_Failure
Makino-L3-Unit1-2015,5.973351532,29,50.4,39.6,23742,No_Machine_Failure
Makino-L3-Unit1-2015,5.782838189,27.6,49.2,31.7,17726,No_Machine_Failure
Makino-L3-Unit1-2015,3.895031347,7.4,50.1,34.8,19197,No_Machine_Failure
Makino-L2-Unit1-2015,3.106960002,9.9,44.8,37.5,14152,No_Machine_Failure
Makino-L2-Unit1-2015,3.105982448,10.6,49.2,35.4,14266,No_Machine_Failure
Makino-L2-Unit1-2015,6.560332199,35.5,51.1,33,23432,Machine_Failure
Makino-L2-Unit1-2015,4.84252053,8.6,47.3,33.4,19451,Machine_Failure
Makino-L1-Unit1-2013,6.893181921,14.9,48.2,33.1,19551,Machine_Failure
Makino-L2-Unit1-2015,5.918357337,8.3,49.7,38.8,19549,Machine_Failure
Makino-L3-Unit1-2015,4.837120974,29.8,42.3,34.1,17919,Machine_Failure
Makino-L2-Unit1-2015,5.567856573,25.2,56.2,,26526,Machine_Failure
Makino-L3-Unit1-2015,4.828033216,22.6,46.2,33.4,25528,Machine_Failure
Makino-L3-Unit1-2015,4.828503333,4.2,49.1,44.3,23432,Machine_Failure
Makino-L2-Unit1-2015,4.84758702,18,47.4,31.7,26526,Machine_Failure
Makino-L2-Unit1-2015,5.846070562,5.7,47.8,39.1,23395,No_Machine_Failure
Makino-L1-Unit1-2013,4.84252053,30.3,42.9,36.1,25528,Machine_Failure
Makino-L2-Unit1-2015,5.815973253,12.2,45.4,35.1,16198,No_Machine_Failure
Makino-L3-Unit1-2015,5.8598918,7.4,50,34.6,23430,No_Machine_Failure
Makino-L2-Unit1-2015,5.857324001,8.7,42,38.4,23412,No_Machine_Failure
Makino-L3-Unit1-2015,5.933555177,4.5,52,41.2,23669,No_Machine_Failure
Makino-L3-Unit1-2015,4.825488125,28.7,48.2,33.1,19475,Machine_Failure
Makino-L2-Unit1-2015,5.803306474,6.8,52,34.1,23199,No_Machine_Failure
Makino-L3-Unit1-2015,5.820913856,5.7,48.3,31.6,23275,No_Machine_Failure
Makino-L1-Unit1-2013,5.112631585,21.4,47.2,35.3,14152,No_Machine_Failure
Makino-L2-Unit1-2015,3.053148837,5.7,43.5,36,17726,No_Machine_Failure
Makino-L2-Unit1-2015,3.053451378,4.5,,39.1,16198,No_Machine_Failure
Makino-L2-Unit1-2015,5.1235561,21.5,50.9,29.2,15217,No_Machine_Failure
Makino-L2-Unit1-2015,5.105436688,21.3,43.7,28.7,14266,No_Machine_Failure
Makino-L1-Unit1-2013,4.795052556,28.7,48.6,30.9,27957,Machine_Failure
Makino-L2-Unit1-2015,4.791926703,27,,30,21951,Machine_Failure
Makino-L2-Unit1-2015,5.421461824,24.2,48.8,36.5,13272,No_Machine_Failure
Makino-L1-Unit1-2013,4.57194396,26.4,46.7,38.1,20504,Machine_Failure
Makino-L1-Unit1-2013,5.149598395,21.7,46.9,33.7,18436,No_Machine_Failure
Makino-L3-Unit1-2015,5.138426397,21.7,49,30.8,19197,No_Machine_Failure
Makino-L2-Unit1-2015,5.147978147,10.6,47.5,34.6,20713,No_Machine_Failure
Makino-L1-Unit1-2013,5.147961815,21.7,39.1,35.2,20707,No_Machine_Failure
Makino-L2-Unit1-2015,4.579305783,25.6,47.4,35.2,26605,Machine_Failure
Makino-L3-Unit1-2015,4.502364,9.7,46.7,30.8,26605,Machine_Failure
Makino-L2-Unit1-2015,5.249343273,8.7,51.2,34.2,21111,No_Machine_Failure
Makino-L1-Unit1-2013,5.251946537,22.7,47.4,38,14152,No_Machine_Failure
Makino-L3-Unit1-2015,4.501733363,26.4,46.5,31.2,18131,Machine_Failure
Makino-L2-Unit1-2015,4.501733363,30.3,50.3,38.6,26526,Machine_Failure
Makino-L3-Unit1-2015,5.253155102,22.7,50.1,28.9,14266,No_Machine_Failure
Makino-L1-Unit1-2013,4.506214544,29.8,48.6,35.2,23432,Machine_Failure
Makino-L1-Unit1-2013,4.501634214,25.6,47.8,34.1,18131,Machine_Failure
Makino-L1-Unit1-2013,5.251354959,22.7,50.3,26.2,15217,No_Machine_Failure
Makino-L1-Unit1-2013,5.249524103,22.7,44.4,36.1,16198,No_Machine_Failure
Makino-L3-Unit1-2015,4.506915187,24.4,51.6,35.2,27613,Machine_Failure
Makino-L2-Unit1-2015,4.504514739,27,56.1,40.8,18142,Machine_Failure
Makino-L1-Unit1-2013,4.504514739,24.4,43.9,36.3,18137,Machine_Failure
Makino-L2-Unit1-2015,6.839413159,19,47.6,30.8,14678,Machine_Failure
Makino-L3-Unit1-2015,4.86086247,18.7,44.8,29,14817,Machine_Failure
Makino-L3-Unit1-2015,3.846394926,21.6,40.7,31.1,24550,Machine_Failure
Makino-L3-Unit1-2015,3.888834693,29.3,44.2,26.4,14152,No_Machine_Failure
Makino-L3-Unit1-2015,3.053148837,29.2,50.1,43.1,13272,No_Machine_Failure
Makino-L2-Unit1-2015,3.053451378,28.4,48.5,37,19197,No_Machine_Failure
Makino-L1-Unit1-2013,0.325,22,50,24.1,21951,Machine_Failure
Makino-L1-Unit1-2013,5.358623507,20.1,49.5,30.6,15180,Machine_Failure
Makino-L2-Unit1-2015,6.863944117,19.7,54.6,35.3,15329,Machine_Failure
Makino-L1-Unit1-2013,5.828437364,28,52.9,33.4,23323,No_Machine_Failure
Makino-L3-Unit1-2015,6.560332199,17.1,42.7,37.8,22999,Machine_Failure
Makino-L1-Unit1-2013,4.566853902,20.1,44.5,28.9,15221,Machine_Failure
Makino-L2-Unit1-2015,5.567856573,9.3,43.6,32,15312,Machine_Failure
Makino-L1-Unit1-2013,6.257419307,12.2,46.2,44.2,24685,No_Machine_Failure
Makino-L3-Unit1-2015,5.870489849,28.4,46.4,29.6,18436,No_Machine_Failure
Makino-L3-Unit1-2015,5.831537685,28,49.9,29.7,17726,No_Machine_Failure
Makino-L2-Unit1-2015,5.84485719,28.1,49.1,35.9,23367,No_Machine_Failure
Makino-L2-Unit1-2015,4.84252053,24.8,49.5,28.9,14692,Machine_Failure
Makino-L3-Unit1-2015,3.105982448,11.9,51.8,42.9,23926,No_Machine_Failure
Makino-L2-Unit1-2015,3.677968801,19.9,40.7,31.5,20504,Machine_Failure
Makino-L1-Unit1-2013,5.835994979,28.1,40.6,33.7,23359,No_Machine_Failure
Makino-L1-Unit1-2013,6.960635908,22.4,50.7,37.4,15307,Machine_Failure
Makino-L1-Unit1-2013,6.863944117,29.8,48.3,38,0,Machine_Failure
Makino-L1-Unit1-2013,6.893181921,26.6,46.4,37.2,15305,Machine_Failure
Makino-L2-Unit1-2015,3.895031347,8.7,51,28.7,24896,No_Machine_Failure
Makino-L1-Unit1-2013,6.251183089,5.7,46.5,32.1,24665,No_Machine_Failure
Makino-L2-Unit1-2015,6.337715026,7.4,51.8,40.3,24843,No_Machine_Failure
Makino-L3-Unit1-2015,6.591385227,6.8,46.9,40,25039,No_Machine_Failure
Makino-L3-Unit1-2015,3.843271921,16.1,42.2,40.7,15241,Machine_Failure
Makino-L1-Unit1-2013,3.852705188,11.2,50.4,35.6,15252,Machine_Failure
Makino-L2-Unit1-2015,6.326593329,6.8,44.8,37.5,24793,No_Machine_Failure
Makino-L1-Unit1-2013,5.918357337,5.1,53.2,31.9,0,Machine_Failure
Makino-L2-Unit1-2015,3.89828778,12.1,54.3,40.3,27613,Machine_Failure
Makino-L2-Unit1-2015,3.852802258,24.8,51.7,33.3,15266,Machine_Failure
Makino-L2-Unit1-2015,6.333012509,5.7,47.2,30.6,24810,No_Machine_Failure
Makino-L1-Unit1-2013,5.846047526,28.2,49.4,29.7,13272,No_Machine_Failure
Makino-L3-Unit1-2015,5.826905967,4.5,44.8,35.1,17726,No_Machine_Failure
Makino-L2-Unit1-2015,5.358623507,13.4,49.5,37.9,15344,Machine_Failure
Makino-L3-Unit1-2015,4.86086247,30.3,47.3,36.1,15360,Machine_Failure
Makino-L3-Unit1-2015,6.273350421,8.7,47.4,32,24689,No_Machine_Failure
Makino-L3-Unit1-2015,3.105982448,32.6,51,35.4,17726,No_Machine_Failure
Makino-L3-Unit1-2015,3.106960002,31.8,45.1,36.8,16198,No_Machine_Failure
Makino-L3-Unit1-2015,3.126011472,32.9,48.9,38.2,15217,No_Machine_Failure
Makino-L1-Unit1-2013,3.895031347,32.6,46.2,33.3,14266,No_Machine_Failure
Makino-L1-Unit1-2013,4.566853902,24.2,44.5,33.6,0,Machine_Failure
Makino-L3-Unit1-2015,5.567856573,7.8,51.8,34.2,0,Machine_Failure
Makino-L3-Unit1-2015,6.560332199,32.8,52.8,33.2,0,Machine_Failure
Makino-L3-Unit1-2015,3.854757811,6.5,48.5,37.3,15281,Machine_Failure
Makino-L2-Unit1-2015,4.84252053,24.5,44.7,38,19402,Machine_Failure
Makino-L3-Unit1-2015,4.845237922,30.3,47.1,31.7,19544,Machine_Failure
Makino-L3-Unit1-2015,4.844529099,13.4,42.3,32.1,19542,Machine_Failure
Makino-L3-Unit1-2015,4.842179191,25.8,51,35.8,19535,Machine_Failure
Makino-L2-Unit1-2015,4.845715604,8.6,43.8,37.5,19548,Machine_Failure
Makino-L3-Unit1-2015,6.893181921,19.1,47.6,34.9,19522,Machine_Failure
Makino-L1-Unit1-2013,5.918357337,6.4,54.2,37.5,19547,Machine_Failure
Makino-L1-Unit1-2013,4.798359345,8.7,47.1,36.5,13272,No_Machine_Failure
Makino-L3-Unit1-2015,3.166083167,7.4,46.6,33,19197,No_Machine_Failure
Makino-L2-Unit1-2015,4.840774094,29.8,37.8,30.9,19532,Machine_Failure
Makino-L2-Unit1-2015,6.318512286,8.7,48.3,32.1,14152,No_Machine_Failure
Makino-L3-Unit1-2015,6.27489582,7.4,47.6,40.2,13272,No_Machine_Failure
Makino-L2-Unit1-2015,5.842582366,9.9,50.3,33.2,23361,No_Machine_Failure
Makino-L2-Unit1-2015,6.536352558,4.5,49.3,37.2,17726,No_Machine_Failure
Makino-L2-Unit1-2015,6.487974601,5.7,51.5,35.5,18436,No_Machine_Failure
Makino-L2-Unit1-2015,3.140995239,12.2,46.6,31.2,16198,No_Machine_Failure
Makino-L3-Unit1-2015,5.821139917,11.9,42,36.4,23281,No_Machine_Failure
Makino-L3-Unit1-2015,6.336504622,10.6,42.3,,24842,No_Machine_Failure
Makino-L2-Unit1-2015,6.32405323,9.9,45.8,30.5,14266,No_Machine_Failure
Makino-L3-Unit1-2015,6.37010913,6.8,50.8,31.9,19197,No_Machine_Failure
Makino-L1-Unit1-2013,4.961972868,28.7,50.4,35.9,19963,Machine_Failure
Makino-L3-Unit1-2015,4.962069392,25.6,48.7,28.7,19964,Machine_Failure
Makino-L1-Unit1-2013,6.839413159,23.2,44.3,33.2,19899,Machine_Failure
Makino-L3-Unit1-2015,4.957653376,9.7,50.1,34.6,19946,Machine_Failure
Makino-L2-Unit1-2015,6.863944117,11.9,47,35.1,19947,Machine_Failure
Makino-L3-Unit1-2015,5.103409965,21.3,48,37.4,15217,No_Machine_Failure
Makino-L1-Unit1-2013,6.839413159,28.7,46.2,40.6,18484,Machine_Failure
Makino-L2-Unit1-2015,4.566853902,27,47.9,27.1,18482,Machine_Failure
Makino-L2-Unit1-2015,5.567856573,26.4,45,35.9,18482,Machine_Failure
Makino-L2-Unit1-2015,3.140995239,21.7,48.4,33.7,13272,No_Machine_Failure
Makino-L3-Unit1-2015,4.508184965,27,51,36.3,18148,Machine_Failure
Makino-L3-Unit1-2015,5.234040999,11.9,46,34.5,21040,No_Machine_Failure
Makino-L2-Unit1-2015,4.508563235,26.4,47.4,34.6,18149,Machine_Failure
Makino-L2-Unit1-2015,5.23260203,4.5,43.4,35.5,21035,No_Machine_Failure
Makino-L3-Unit1-2015,4.50862184,28.7,51.3,26.6,18152,Machine_Failure
Makino-L2-Unit1-2015,3.178193346,11.9,47.6,36.5,21048,No_Machine_Failure
Makino-L1-Unit1-2013,4.84252053,29.8,45.4,35.7,18152,Machine_Failure
Makino-L1-Unit1-2013,3.79559379,22.5,50.6,41.4,18436,No_Machine_Failure
Makino-L3-Unit1-2015,3.166768986,22.6,49,41.1,19197,No_Machine_Failure
Makino-L2-Unit1-2015,4.798359345,22.5,43.9,42.9,16198,No_Machine_Failure
Makino-L1-Unit1-2013,3.817833591,10.6,54.3,28.7,21075,No_Machine_Failure
Makino-L2-Unit1-2015,3.78509192,9.9,42.3,37.2,21033,No_Machine_Failure
Makino-L2-Unit1-2015,6.560332199,25.6,44.5,39,18145,Machine_Failure
Makino-L3-Unit1-2015,5.918357337,24.4,53.6,31.2,18155,Machine_Failure
